month,net,gross,cost
2011-06-30,0.01530031,0.01713311,0.00183281
2011-07-31,-0.01784613,-0.01729867,0.00054746
2011-08-31,0.02346262,0.02378667,0.00032404
2011-09-30,0.00658474,0.00724278,0.00065804
2011-10-31,-0.05520785,-0.05472933,0.00047852
2011-11-30,-0.02079063,-0.02015733,0.00063329
2011-12-31,0.11113285,0.11170022,0.00056737
2012-01-31,-0.00264671,-0.00214944,0.00049726
2012-02-29,0.02607137,0.02648578,0.00041441
2012-03-31,-0.04432979,-0.04386478,0.00046501
2012-04-30,-0.01999286,-0.01936933,0.00062353
2012-05-31,0.0444044,0.04493056,0.00052615
2012-06-30,0.0851944,0.08556333,0.00036894
2012-07-31,0.10964453,0.11002978,0.00038525
2012-08-31,-0.07340077,-0.07269878,0.000702
2012-09-30,-0.00623074,-0.00603822,0.00019251
2012-10-31,0.04627609,0.04674144,0.00046535
2012-11-30,0.03343269,0.03368667,0.00025397
2012-12-31,0.03282832,0.03300822,0.0001799
2013-01-31,-0.03882553,-0.038588,0.00023753
2013-02-28,0.01510558,0.01575533,0.00064975
2013-03-31,-0.0298265,-0.02927922,0.00054728
2013-04-30,0.03925487,0.04013344,0.00087857
2013-05-31,0.06801833,0.06869733,0.000679
2013-06-30,0.11629895,0.11695722,0.00065827
2013-07-31,-0.01767965,-0.01705478,0.00062488
2013-08-31,0.02995476,0.03040144,0.00044668
2013-09-30,0.04197337,0.04260656,0.00063318
2013-10-31,0.06754868,0.06828322,0.00073454
2013-11-30,0.02017985,0.02049678,0.00031692
2013-12-31,-0.01007345,-0.00967,0.00040345
2014-01-31,0.07400357,0.07446056,0.00045699
2014-02-28,0.00265942,0.00297433,0.00031491
2014-03-31,0.1295923,0.130283,0.0006907
2014-04-30,-0.01581432,-0.01505189,0.00076244
2014-05-31,-0.00639662,-0.00611,0.00028662
2014-06-30,-0.02579732,-0.02539722,0.00040009
2014-07-31,0.0234593,0.02438456,0.00092526
2014-08-31,0.04980433,0.05070022,0.00089589
2014-09-30,0.107669,0.10812767,0.00045866
2014-10-31,0.14457018,0.14500433,0.00043415
2014-11-30,0.12695286,0.12725311,0.00030025
2014-12-31,0.0597591,0.06019289,0.00043379
2015-01-31,-0.1073493,-0.10717744,0.00017185
2015-02-28,0.07324526,0.07347667,0.00023141
2015-03-31,0.03712875,0.03750678,0.00037803
2015-04-30,-0.03301828,-0.03264989,0.00036839
2015-05-31,-0.00022263,0.00013756,0.00036018
2015-06-30,0.12926776,0.12971222,0.00044447
2015-07-31,0.12781374,0.128336,0.00052226
2015-08-31,0.01943566,0.01993922,0.00050356
2015-09-30,-0.02926789,-0.02901356,0.00025433
2015-10-31,-0.06438978,-0.06411478,0.000275
2015-11-30,0.00900622,0.00921578,0.00020956
2015-12-31,-0.03901443,-0.03860378,0.00041065
2016-01-31,0.05112857,0.05143744,0.00030887
2016-02-29,-0.05153128,-0.05075233,0.00077895
2016-03-31,-0.02351937,-0.02261844,0.00090093
2016-04-30,0.17783809,0.17859011,0.00075203
2016-05-31,0.14295027,0.14327844,0.00032818
2016-06-30,0.01428194,0.01521367,0.00093172
2016-07-31,0.01036992,0.01117356,0.00080364
2016-08-31,-0.02868933,-0.02818189,0.00050744
2016-09-30,0.02025974,0.02058967,0.00032992
2016-10-31,0.0024474,0.00275089,0.00030349
2016-11-30,0.05784639,0.05822411,0.00037773
2016-12-31,-0.01488709,-0.01455033,0.00033676
2017-01-31,-0.00139121,-0.00093644,0.00045477
2017-02-28,0.00541537,0.00597056,0.00055518
2017-03-31,-0.01976637,-0.01915322,0.00061315
2017-04-30,0.05142599,0.051838,0.00041201
2017-05-31,0.00293124,0.00358333,0.00065209
2017-06-30,-0.05382736,-0.05287433,0.00095303
2017-07-31,0.00907694,0.01012089,0.00104395
2017-08-31,0.07144822,0.07252522,0.001077
2017-09-30,-0.06653532,-0.06577633,0.00075899
2017-10-31,0.06553735,0.06593578,0.00039843
2017-11-30,-0.02834669,-0.02802767,0.00031903
2017-12-31,0.05677004,0.05704167,0.00027163
2018-01-31,0.00946278,0.00989356,0.00043078
2018-02-28,-0.07371738,-0.07321356,0.00050382
2018-03-31,-0.01338931,-0.01258878,0.00080054
2018-04-30,0.02712303,0.02745756,0.00033452
2018-05-31,0.00201516,0.002585,0.00056984
2018-06-30,0.03889435,0.03953044,0.0006361
2018-07-31,0.02241161,0.02308311,0.0006715
2018-08-31,-0.04449212,-0.04378156,0.00071057
2018-09-30,-0.05172913,-0.05131222,0.00041691
2018-10-31,-0.04066151,-0.04000944,0.00065207
2018-11-30,0.05714882,0.05747889,0.00033007
2018-12-31,0.08568647,0.08628178,0.00059531
2019-01-31,-0.04809606,-0.04717956,0.0009165
2019-02-28,-0.00427654,-0.00385244,0.0004241
2019-03-31,-0.05272046,-0.05199178,0.00072869
2019-04-30,-0.04873976,-0.04804333,0.00069642
2019-05-31,-0.13190717,-0.13115067,0.00075651
2019-06-30,0.02028285,0.02104978,0.00076693
2019-07-31,0.03777416,0.03860356,0.0008294
2019-08-31,0.02521704,0.02566033,0.00044329
2019-09-30,0.00065943,0.00103378,0.00037435
2019-10-31,0.04732448,0.04773111,0.00040663
2019-11-30,0.03931848,0.039816,0.00049752
2019-12-31,-0.01337655,-0.01285378,0.00052277
2020-01-31,0.0637345,0.06430622,0.00057172
2020-02-29,0.01961629,0.02004922,0.00043293
2020-03-31,0.05208769,0.052989,0.00090131
2020-04-30,-0.02337942,-0.02237667,0.00100275
2020-05-31,-0.00377171,-0.00300556,0.00076615
2020-06-30,-0.08910896,-0.08866189,0.00044707
2020-07-31,-0.03195127,-0.03162244,0.00032883
2020-08-31,-0.01700841,-0.016682,0.00032641
2020-09-30,-0.0170354,-0.01643156,0.00060384
2020-10-31,-0.00752638,-0.00709178,0.0004346
2020-11-30,-0.0309035,-0.03065822,0.00024527
2020-12-31,-0.00861705,-0.00818833,0.00042872
2021-01-31,0.05451061,0.05501733,0.00050672
2021-02-28,0.07694557,0.07727956,0.00033399
2021-03-31,-0.02679089,-0.02642467,0.00036622
2021-04-30,0.13980309,0.14079411,0.00099102
2021-05-31,-0.03732714,-0.036271,0.00105614
2021-06-30,0.00375119,0.00487822,0.00112703
2021-07-31,0.03396937,0.03447778,0.00050841
2021-08-31,0.03310433,0.03348111,0.00037678
2021-09-30,-0.0212805,-0.02069078,0.00058972
2021-10-31,0.00967126,0.01019089,0.00051963
2021-11-30,0.00362988,0.00406967,0.00043978
2021-12-31,0.02960638,0.030147,0.00054062
2022-01-31,-0.01619312,-0.015572,0.00062112
2022-02-28,-0.09788636,-0.09756833,0.00031803
2022-03-31,-0.04760358,-0.04668056,0.00092302
2022-04-30,-0.11375127,-0.11276833,0.00098293
2022-05-31,-0.03836067,-0.03765056,0.00071011
2022-06-30,0.12898041,0.12976611,0.00078571
2022-07-31,0.08735288,0.08763722,0.00028434
2022-08-31,0.06084042,0.06096444,0.00012403
2022-09-30,-0.02192106,-0.02136556,0.0005555
2022-10-31,0.0075364,0.00800611,0.00046971
2022-11-30,0.02225187,0.02248611,0.00023425
2022-12-31,0.03881777,0.03909778,0.00028001
2023-01-31,0.05661319,0.05678056,0.00016737
2023-02-28,0.10749161,0.10767833,0.00018672
2023-03-31,0.01686439,0.01718667,0.00032228
2023-04-30,0.00362559,0.00413389,0.0005083
2023-05-31,0.07074026,0.07123389,0.00049363
2023-06-30,0.01760908,0.01806456,0.00045547
2023-07-31,-0.03444778,-0.03390956,0.00053822
2023-08-31,-0.01113208,-0.01037322,0.00075885
2023-09-30,0.02582852,0.02621278,0.00038426
2023-10-31,0.03202896,0.03261056,0.00058159
2023-11-30,-0.05710697,-0.05635344,0.00075352
2023-12-31,-0.00996106,-0.00954389,0.00041717
2024-01-31,-0.01359877,-0.01306967,0.00052911
2024-02-29,0.02788349,0.02833211,0.00044862
2024-03-31,0.01844199,0.01883433,0.00039234
2024-04-30,0.09401621,0.09456333,0.00054712
2024-05-31,0.04860838,0.048958,0.00034962
2024-06-30,-0.05076906,-0.05015233,0.00061672
2024-07-31,0.04482669,0.04544967,0.00062298
2024-08-31,0.03551756,0.03590844,0.00039089
2024-09-30,0.04187682,0.04226244,0.00038563
2024-10-31,0.03345632,0.03408378,0.00062746
2024-11-30,-0.0329038,-0.03258822,0.00031557
2024-12-31,-0.03227604,-0.03167433,0.0006017
2025-01-31,0.02965746,0.03006878,0.00041132
2025-02-28,0.0051727,0.00560911,0.00043642
2025-03-31,0.0932582,0.09369967,0.00044146
2025-04-30,0.04595529,0.04646367,0.00050838
2025-05-31,0.02737672,0.02779233,0.00041561
2025-06-30,0.04376773,0.04438,0.00061227
2025-07-31,0.03429499,0.03525589,0.0009609
2025-08-31,0.06445954,0.065085,0.00062546
2025-09-30,0.11338197,0.11430778,0.0009258
2025-10-31,-0.08654797,-0.085783,0.00076497
2025-11-30,0.00709148,0.00745056,0.00035907
2025-12-31,0.13583639,0.136265,0.00042861
2026-01-31,0.04406439,0.04448889,0.0004245
2026-02-28,-0.03189278,-0.031346,0.00054678
2026-03-31,-0.16176073,-0.16125389,0.00050684
2026-04-30,0.0273215,0.02815322,0.00083172
2026-05-31,-0.0147717,-0.01430167,0.00047003
2026-06-30,0.05879962,0.05928333,0.00048372
2026-07-31,-0.04170423,-0.04129278,0.00041145
2026-08-31,0.01119266,0.01142889,0.00023623
