month,symbol,contribution
2011-05,HE,-0.04835051
2011-06,HE,0.00998925
2011-07,HE,0.00995022
2011-08,HE,-0.05709714
2011-09,HE,0.02609139
2011-10,HE,-0.00164696
2011-11,HE,0.03184535
2011-12,HE,-0.00118728
2012-01,HE,-0.01624476
2012-02,HE,-0.01490179
2012-03,HE,-0.02496285
2012-04,HE,0.0161716
2012-05,HE,0.01002404
2012-06,HE,0.0028738
2012-07,HE,-0.02683095
2012-08,HE,-0.02188733
2012-09,HE,0.01656921
2012-10,HE,0.02438406
2012-11,HE,-0.00934133
2012-12,HE,0.01284799
2013-01,HE,-0.01933131
2013-02,HE,0.00997685
2013-03,HE,0.05092161
2013-04,HE,0.0062165
2013-05,HE,0.02638318
2013-06,HE,-0.018929
2013-07,HE,-0.00106531
2013-08,HE,0.04122432
2013-09,HE,-0.01229481
2013-10,HE,-0.0394017
2013-11,HE,-0.03497865
2013-12,HE,0.00213661
2014-01,HE,-0.00909944
2014-02,HE,0.05399603
2014-03,HE,-0.01627752
2014-04,HE,-0.00948968
2014-05,HE,0.01441291
2014-06,HE,-0.01639597
2014-07,HE,0.0058339
2014-08,HE,-1.357e-05
2014-09,HE,-0.00176281
2014-10,HE,0.00051841
2014-11,HE,-0.01197049
2014-12,HE,-0.0230106
2015-01,HE,-0.0256324
2015-02,HE,-0.00549477
2015-03,HE,0.02056523
2015-04,HE,0.02259842
2015-05,HE,-0.03828335
2015-06,HE,0.02826043
2015-07,HE,0.00243722
2015-08,HE,0.03799402
2015-09,HE,-0.02711354
2015-10,HE,0.02026687
2015-11,HE,0.02199291
2015-12,HE,0.03356462
2016-01,HE,0.0051864
2016-02,HE,-0.01534465
2016-03,HE,-0.03431615
2016-04,HE,-0.02956834
2016-05,HE,-0.01584702
2016-06,HE,0.02572239
2016-07,HE,-0.01700469
2016-08,HE,0.07321321
2016-09,HE,-0.0641358
2016-10,HE,-0.0083226
2016-11,HE,-0.0175781
2016-12,HE,0.00186654
2017-01,HE,-0.00701828
2017-02,HE,0.00705565
2017-03,HE,-0.02141933
2017-04,HE,0.02787961
2017-05,HE,0.02708084
2017-06,HE,0.00221948
2017-07,HE,-0.0197873
2017-08,HE,-0.00842491
2017-09,HE,0.00329886
2017-10,HE,-0.00404091
2017-11,HE,-0.00079504
2017-12,HE,-0.00221344
2018-01,HE,-0.01387308
2018-02,HE,-0.01620124
2018-03,HE,-0.02078076
2018-04,HE,0.00912585
2018-05,HE,0.00884818
2018-06,HE,0.01824659
2018-07,HE,0.02979979
2018-08,HE,-0.03360088
2018-09,HE,-0.00475953
2018-10,HE,0.028945
2018-11,HE,-0.00785508
2018-12,HE,0.02112826
2019-01,HE,0.00500748
2019-02,HE,-0.0461558
2019-03,HE,-0.00532716
2019-04,HE,0.00985631
2019-05,HE,-0.03479168
2019-06,HE,-0.00663305
2019-07,HE,-0.01274771
2019-08,HE,0.00336826
2019-09,HE,0.00384256
2019-10,HE,0.00378336
2019-11,HE,0.00384396
2019-12,HE,-0.00626718
2020-01,HE,0.00419061
2020-02,HE,0.01251551
2020-03,HE,-0.02758896
2020-04,HE,-0.00927678
2020-05,HE,-0.02556398
2020-06,HE,-0.01042665
2020-07,HE,-0.00965376
2020-08,HE,0.0255
2020-09,HE,-0.00176841
2020-10,HE,-0.03373688
2020-11,HE,-0.01303932
2020-12,HE,-0.02203759
2021-01,HE,-0.00089251
2021-02,HE,0.02996949
2021-03,HE,-0.04674837
2021-04,HE,0.01687815
2021-05,HE,0.00663357
2021-06,HE,0.01251762
2021-07,HE,0.00660446
2021-08,HE,0.01385127
2021-09,HE,-0.03495382
2021-10,HE,-0.01977857
2021-11,HE,-0.06016031
2021-12,HE,-0.01016612
2022-01,HE,0.00051304
2022-02,HE,-0.00893688
2022-03,HE,-0.01374482
2022-04,HE,0.01439366
2022-05,HE,-0.00077288
2022-06,HE,0.03503078
2022-07,HE,-0.01736371
2022-08,HE,0.00507431
2022-09,HE,-0.00632993
2022-10,HE,0.02461623
2022-11,HE,-0.0024925
2022-12,HE,-0.00294188
2023-01,HE,-0.00273294
2023-02,HE,-0.00368436
2023-03,HE,0.02172114
2023-04,HE,-0.01214951
2023-05,HE,0.01890597
2023-06,HE,0.00424172
2023-07,HE,-0.0141422
2023-08,HE,0.01229985
2023-09,HE,-0.00345395
2023-10,HE,-0.01666451
2023-11,HE,-0.01112348
2023-12,HE,0.03834642
2024-01,HE,-0.00175381
2024-02,HE,-0.00403732
2024-03,HE,0.00151587
2024-04,HE,-0.04902281
2024-05,HE,-0.02316734
2024-06,HE,-0.00836176
2024-07,HE,0.00538795
2024-08,HE,-0.00249932
2024-09,HE,0.02084584
2024-10,HE,0.00122935
2024-11,HE,0.0141362
2024-12,HE,0.00021353
2025-01,HE,0.00618528
2025-02,HE,-0.02031959
2025-03,HE,-0.03909714
2025-04,HE,0.00662083
2025-05,HE,-0.01959624
2025-06,HE,0.00732095
2025-07,HE,0.01187133
2025-08,HE,0.01194273
2025-09,HE,-0.03803091
2025-10,HE,-0.01815301
2025-11,HE,0.01687066
2025-12,HE,-0.02292486
2026-01,HE,-0.02996322
2026-02,HE,-0.01274519
2026-03,HE,-0.00364679
2026-04,HE,-0.03143865
2026-05,HE,-0.00435916
2026-06,HE,-0.00745854
2011-05,HO,-0.00758288
2011-06,HO,0.00425875
2011-07,HO,-0.0034666
2011-08,HO,-0.00143045
2011-09,HO,-0.02073857
2011-10,HO,0.00423734
2011-11,HO,0.02520784
2011-12,HO,0.00198215
2012-01,HO,-0.01344504
2012-02,HO,0.00146749
2012-03,HO,0.00940289
2012-04,HO,-0.01238377
2012-05,HO,0.06099914
2012-06,HO,0.0153195
2012-07,HO,-0.0069216
2012-08,HO,0.00335436
2012-09,HO,-0.01021254
2012-10,HO,-0.00250139
2012-11,HO,-0.01006585
2012-12,HO,0.00924795
2013-01,HO,-0.00195867
2013-02,HO,0.00212523
2013-03,HO,0.02887483
2013-04,HO,-0.02618832
2013-05,HO,-0.04049421
2013-06,HO,-0.03410982
2013-07,HO,0.0160472
2013-08,HO,0.00991731
2013-09,HO,-0.00479351
2013-10,HO,-0.02038962
2013-11,HO,-0.00087454
2013-12,HO,-0.02447213
2014-01,HO,-0.01017269
2014-02,HO,-0.00156302
2014-03,HO,0.0010028
2014-04,HO,0.00014621
2014-05,HO,0.01507577
2014-06,HO,-0.00987327
2014-07,HO,0.00343647
2014-08,HO,-0.01498544
2014-09,HO,-0.01343548
2014-10,HO,-0.01150615
2014-11,HO,-0.0351935
2014-12,HO,-0.0021864
2015-01,HO,0.00171892
2015-02,HO,-0.02294267
2015-03,HO,0.00949525
2015-04,HO,0.00217029
2015-05,HO,-0.03259961
2015-06,HO,0.01472286
2015-07,HO,0.00547299
2015-08,HO,-0.00591963
2015-09,HO,-0.00877266
2015-10,HO,0.01015304
2015-11,HO,-0.02326393
2015-12,HO,-0.01340615
2016-01,HO,0.00717327
2016-02,HO,0.01951787
2016-03,HO,-0.03666849
2016-04,HO,0.00698547
2016-05,HO,-0.01300509
2016-06,HO,-0.00265047
2016-07,HO,0.00287996
2016-08,HO,0.00465358
2016-09,HO,0.00601106
2016-10,HO,-0.01809993
2016-11,HO,0.00996344
2016-12,HO,-0.00897739
2017-01,HO,-0.00112327
2017-02,HO,-0.00549449
2017-03,HO,-0.00546907
2017-04,HO,-0.00221438
2017-05,HO,0.01265752
2017-06,HO,-0.02052075
2017-07,HO,0.03329168
2017-08,HO,0.02191002
2017-09,HO,0.00145053
2017-10,HO,0.00729503
2017-11,HO,-0.00402078
2017-12,HO,0.00133406
2018-01,HO,-0.00567919
2018-02,HO,-0.00152975
2018-03,HO,-0.02607774
2018-04,HO,-0.00538207
2018-05,HO,-0.04268797
2018-06,HO,0.01839422
2018-07,HO,-0.0292562
2018-08,HO,0.00498902
2018-09,HO,0.05187038
2018-10,HO,0.05629116
2018-11,HO,0.04550421
2018-12,HO,-0.01396531
2019-01,HO,-0.01758106
2019-02,HO,-0.00572666
2019-03,HO,-0.0293702
2019-04,HO,0.0614802
2019-05,HO,-0.01230267
2019-06,HO,-0.00535289
2019-07,HO,-0.01805675
2019-08,HO,-0.00724726
2019-09,HO,-0.00075515
2019-10,HO,-0.01114557
2019-11,HO,-0.01170267
2019-12,HO,0.05301273
2020-01,HO,0.02790238
2020-02,HO,0.0483458
2020-03,HO,0.07578006
2020-04,HO,-0.013206
2020-05,HO,-0.00602314
2020-06,HO,0.02038195
2020-07,HO,0.01130523
2020-08,HO,0.01618918
2020-09,HO,0.01285857
2020-10,HO,-0.01994343
2020-11,HO,0.0168269
2020-12,HO,-0.00591367
2021-01,HO,-0.03048315
2021-02,HO,0.01092372
2021-03,HO,0.02160308
2021-04,HO,-0.00643059
2021-05,HO,0.00302714
2021-06,HO,-0.00210536
2021-07,HO,-0.01198909
2021-08,HO,0.02495644
2021-09,HO,0.01224255
2021-10,HO,-0.03894125
2021-11,HO,0.01151575
2021-12,HO,0.00651328
2022-01,HO,-0.00701793
2022-02,HO,-0.00320646
2022-03,HO,0.01979889
2022-04,HO,0.0195642
2022-05,HO,-0.00287317
2022-06,HO,0.00490244
2022-07,HO,-0.01982291
2022-08,HO,0.00228216
2022-09,HO,-0.03284544
2022-10,HO,-0.01365734
2022-11,HO,-0.02624745
2022-12,HO,-0.00698234
2023-01,HO,0.00045324
2023-02,HO,-0.00555224
2023-03,HO,-0.00972385
2023-04,HO,-0.05011076
2023-05,HO,-0.00479775
2023-06,HO,0.02101728
2023-07,HO,-0.00749368
2023-08,HO,-0.00537012
2023-09,HO,-0.00340899
2023-10,HO,0.000795
2023-11,HO,0.01385803
2023-12,HO,-0.03238824
2024-01,HO,0.00611184
2024-02,HO,0.02089532
2024-03,HO,0.01443121
2024-04,HO,0.0180752
2024-05,HO,-0.0478275
2024-06,HO,0.01454629
2024-07,HO,-0.00380125
2024-08,HO,0.01836935
2024-09,HO,-0.00530297
2024-10,HO,-0.00200511
2024-11,HO,-0.00398644
2024-12,HO,-0.00611887
2025-01,HO,0.00926262
2025-02,HO,-0.01717881
2025-03,HO,-0.0194301
2025-04,HO,-0.00182358
2025-05,HO,-0.036619
2025-06,HO,0.01399975
2025-07,HO,-0.00824295
2025-08,HO,0.00358697
2025-09,HO,-8.804e-05
2025-10,HO,0.00039759
2025-11,HO,0.00118931
2025-12,HO,0.02534777
2026-01,HO,0.00560926
2026-02,HO,0.00406021
2026-03,HO,0.0041266
2026-04,HO,-0.01083787
2026-05,HO,-0.0209776
2026-06,HO,0.0062587
2011-05,KE,0.0
2011-06,KE,0.0
2011-07,KE,0.0
2011-08,KE,0.0
2011-09,KE,0.0
2011-10,KE,0.0
2011-11,KE,0.0
2011-12,KE,0.0
2012-01,KE,0.0
2012-02,KE,0.0
2012-03,KE,0.0
2012-04,KE,0.0
2012-05,KE,0.0
2012-06,KE,0.0
2012-07,KE,0.0
2012-08,KE,0.0
2012-09,KE,0.0
2012-10,KE,0.0
2012-11,KE,0.0
2012-12,KE,0.0
2013-01,KE,0.0
2013-02,KE,0.0
2013-03,KE,0.0
2013-04,KE,0.0
2013-05,KE,0.0
2013-06,KE,0.0
2013-07,KE,0.0
2013-08,KE,0.0
2013-09,KE,0.0
2013-10,KE,0.0
2013-11,KE,0.0
2013-12,KE,0.0
2014-01,KE,0.0
2014-02,KE,0.0
2014-03,KE,0.0
2014-04,KE,0.0
2014-05,KE,0.0
2014-06,KE,0.0
2014-07,KE,0.0
2014-08,KE,0.0
2014-09,KE,0.0
2014-10,KE,0.0
2014-11,KE,-0.00262281
2014-12,KE,0.00701593
2015-01,KE,0.00335219
2015-02,KE,-0.00760435
2015-03,KE,0.00303583
2015-04,KE,0.00056887
2015-05,KE,-0.0314843
2015-06,KE,-0.00408209
2015-07,KE,0.00873826
2015-08,KE,-0.01837437
2015-09,KE,0.02525492
2015-10,KE,-0.00395312
2015-11,KE,0.00347771
2015-12,KE,-0.00690279
2016-01,KE,0.01659682
2016-02,KE,0.01486805
2016-03,KE,0.00374824
2016-04,KE,0.01906212
2016-05,KE,0.03101653
2016-06,KE,-0.00299833
2016-07,KE,0.01112273
2016-08,KE,-0.00841467
2016-09,KE,-0.00300691
2016-10,KE,0.03557479
2016-11,KE,-0.00722811
2016-12,KE,-0.00100236
2017-01,KE,-0.00626812
2017-02,KE,0.00959447
2017-03,KE,-0.00288164
2017-04,KE,-0.00312093
2017-05,KE,-0.00992021
2017-06,KE,-0.02085827
2017-07,KE,0.01631555
2017-08,KE,-0.00240491
2017-09,KE,0.00279876
2017-10,KE,0.00693968
2017-11,KE,-0.00852938
2017-12,KE,0.00134494
2018-01,KE,-0.00567919
2018-02,KE,0.00980844
2018-03,KE,-0.00752161
2018-04,KE,0.00648964
2018-05,KE,0.00081592
2018-06,KE,0.00439839
2018-07,KE,0.0113065
2018-08,KE,-0.00438546
2018-09,KE,0.03235826
2018-10,KE,-0.00455016
2018-11,KE,-0.01482816
2018-12,KE,0.00491141
2019-01,KE,0.00231987
2019-02,KE,-0.00051545
2019-03,KE,-0.00234757
2019-04,KE,0.00379126
2019-05,KE,0.00948445
2019-06,KE,-0.00249882
2019-07,KE,-0.01144596
2019-08,KE,-0.0001647
2019-09,KE,-0.00517921
2019-10,KE,0.00041488
2019-11,KE,0.00139115
2019-12,KE,0.00259628
2020-01,KE,0.00690756
2020-02,KE,-0.03364923
2020-03,KE,0.04659815
2020-04,KE,-0.0087613
2020-05,KE,-0.0131403
2020-06,KE,-0.00872808
2020-07,KE,-0.00686076
2020-08,KE,0.00625512
2020-09,KE,0.01002904
2020-10,KE,-0.03181574
2020-11,KE,0.01386369
2020-12,KE,-0.00524587
2021-01,KE,-0.01270018
2021-02,KE,-0.02975535
2021-03,KE,0.00257251
2021-04,KE,-0.02383001
2021-05,KE,0.00455898
2021-06,KE,-0.00515505
2021-07,KE,-0.00270938
2021-08,KE,0.0040858
2021-09,KE,0.00685645
2021-10,KE,-0.00485307
2021-11,KE,0.00978646
2021-12,KE,0.01528896
2022-01,KE,-0.0551474
2022-02,KE,0.00378078
2022-03,KE,-0.00684536
2022-04,KE,-0.00197341
2022-05,KE,0.03281038
2022-06,KE,-0.00085962
2022-07,KE,-0.01418658
2022-08,KE,-0.01121871
2022-09,KE,0.00404702
2022-10,KE,0.03068185
2022-11,KE,0.00255409
2022-12,KE,-0.00291491
2023-01,KE,0.00141449
2023-02,KE,-0.01069097
2023-03,KE,0.02164936
2023-04,KE,-0.01114564
2023-05,KE,-0.00439436
2023-06,KE,0.01072715
2023-07,KE,-0.02551339
2023-08,KE,-0.00845752
2023-09,KE,0.00485266
2023-10,KE,0.00099181
2023-11,KE,0.00140706
2023-12,KE,0.0022346
2024-01,KE,-0.00150426
2024-02,KE,0.00964784
2024-03,KE,0.00505867
2024-04,KE,9.407e-05
2024-05,KE,-0.04932928
2024-06,KE,-0.0127501
2024-07,KE,-0.00560406
2024-08,KE,0.00388521
2024-09,KE,0.00564712
2024-10,KE,-0.00646338
2024-11,KE,0.00536156
2024-12,KE,-0.01556626
2025-01,KE,0.00417555
2025-02,KE,-0.03818425
2025-03,KE,-0.05205896
2025-04,KE,0.00127475
2025-05,KE,-0.00427497
2025-06,KE,0.00469157
2025-07,KE,0.00741929
2025-08,KE,-0.00130121
2025-09,KE,-0.00388788
2025-10,KE,0.00427621
2025-11,KE,0.00104804
2025-12,KE,0.01527879
2026-01,KE,0.00306724
2026-02,KE,-0.00588168
2026-03,KE,-0.01294203
2026-04,KE,0.00199243
2026-05,KE,0.01248906
2026-06,KE,-3.336e-05
2011-05,LE,0.04588578
2011-06,LE,-0.00808015
2011-07,LE,0.01470149
2011-08,LE,0.06311731
2011-09,LE,-0.01086382
2011-10,LE,0.00953937
2011-11,LE,-0.00802184
2011-12,LE,0.00744515
2012-01,LE,-0.00298196
2012-02,LE,-0.0474131
2012-03,LE,-0.01630497
2012-04,LE,0.0340835
2012-05,LE,-0.02919438
2012-06,LE,-0.03140177
2012-07,LE,-0.0076788
2012-08,LE,-0.04902122
2012-09,LE,0.01584584
2012-10,LE,0.00735803
2012-11,LE,0.01257364
2012-12,LE,-0.01955125
2013-01,LE,-0.00245289
2013-02,LE,0.00731631
2013-03,LE,0.02439357
2013-04,LE,-0.00776788
2013-05,LE,-0.00638111
2013-06,LE,-0.03357423
2013-07,LE,0.00964985
2013-08,LE,0.03383942
2013-09,LE,0.04160333
2013-10,LE,0.0098582
2013-11,LE,0.00117309
2013-12,LE,0.01943923
2014-01,LE,0.00374341
2014-02,LE,0.00807899
2014-03,LE,-0.00359177
2014-04,LE,-0.00576548
2014-05,LE,0.06336622
2014-06,LE,0.0329038
2014-07,LE,-0.00180417
2014-08,LE,0.04729629
2014-09,LE,0.02683351
2014-10,LE,-0.00139492
2014-11,LE,-0.00881234
2014-12,LE,-0.00188634
2015-01,LE,-0.00081942
2015-02,LE,0.02092613
2015-03,LE,0.00112012
2015-04,LE,0.01363058
2015-05,LE,-0.0374501
2015-06,LE,0.01037946
2015-07,LE,-0.00397133
2015-08,LE,-0.04559916
2015-09,LE,0.04393418
2015-10,LE,-0.00183397
2015-11,LE,0.039906
2015-12,LE,0.00560457
2016-01,LE,0.00764758
2016-02,LE,-0.00579178
2016-03,LE,-0.01607225
2016-04,LE,-0.00734686
2016-05,LE,-0.01168076
2016-06,LE,0.01986149
2016-07,LE,0.00054231
2016-08,LE,-0.02049726
2016-09,LE,0.02478275
2016-10,LE,0.00877925
2016-11,LE,0.03812978
2016-12,LE,-0.00082557
2017-01,LE,0.02470264
2017-02,LE,0.01761059
2017-03,LE,0.04035186
2017-04,LE,0.0008164
2017-05,LE,-0.01365468
2017-06,LE,-0.01374863
2017-07,LE,-0.0200911
2017-08,LE,0.02694643
2017-09,LE,-0.01079699
2017-10,LE,-0.00864753
2017-11,LE,-0.00265587
2017-12,LE,0.0003387
2018-01,LE,0.00360115
2018-02,LE,-0.00435817
2018-03,LE,0.02672639
2018-04,LE,-0.00049026
2018-05,LE,0.03107914
2018-06,LE,0.00929987
2018-07,LE,0.03215875
2018-08,LE,0.01487449
2018-09,LE,0.03837384
2018-10,LE,0.02905139
2018-11,LE,0.07036199
2018-12,LE,-0.00608006
2019-01,LE,0.02869134
2019-02,LE,-0.02198353
2019-03,LE,-0.00680676
2019-04,LE,-0.00342092
2019-05,LE,-0.01231055
2019-06,LE,0.01222162
2019-07,LE,-0.01876954
2019-08,LE,0.03199784
2019-09,LE,0.02188573
2019-10,LE,0.00997171
2019-11,LE,-0.02538238
2019-12,LE,0.0069
2020-01,LE,-0.04295132
2020-02,LE,-0.02428308
2020-03,LE,-0.00978879
2020-04,LE,0.00920352
2020-05,LE,-0.01601581
2020-06,LE,-0.00443932
2020-07,LE,-0.00979298
2020-08,LE,0.0014639
2020-09,LE,0.00474257
2020-10,LE,-0.00825109
2020-11,LE,-0.00024564
2020-12,LE,0.0059584
2021-01,LE,-0.01261166
2021-02,LE,0.0008345
2021-03,LE,0.04795591
2021-04,LE,-0.00526312
2021-05,LE,-0.06415737
2021-06,LE,-0.01957595
2021-07,LE,-0.02029671
2021-08,LE,-0.01346085
2021-09,LE,0.01139934
2021-10,LE,-0.00278773
2021-11,LE,-0.05535578
2021-12,LE,-0.03283633
2022-01,LE,-0.00744967
2022-02,LE,-0.00680323
2022-03,LE,0.01739019
2022-04,LE,-0.01139056
2022-05,LE,0.02525553
2022-06,LE,0.01439412
2022-07,LE,0.00375077
2022-08,LE,0.00391413
2022-09,LE,-0.02055083
2022-10,LE,-0.01203218
2022-11,LE,0.00482649
2022-12,LE,0.00337048
2023-01,LE,0.06173762
2023-02,LE,0.01650959
2023-03,LE,0.05843325
2023-04,LE,0.02756563
2023-05,LE,0.05317926
2023-06,LE,0.02209123
2023-07,LE,0.00951258
2023-08,LE,0.03553102
2023-09,LE,-0.00632489
2023-10,LE,-0.06467007
2023-11,LE,0.00735364
2023-12,LE,0.0224987
2024-01,LE,0.0241419
2024-02,LE,-0.01274605
2024-03,LE,-0.01203876
2024-04,LE,-0.01418932
2024-05,LE,0.032905
2024-06,LE,0.0014401
2024-07,LE,-0.01271755
2024-08,LE,0.01188757
2024-09,LE,0.03260413
2024-10,LE,0.01174119
2024-11,LE,0.02089979
2024-12,LE,0.01417291
2025-01,LE,-0.00651595
2025-02,LE,0.03585998
2025-03,LE,-0.00204982
2025-04,LE,0.01672048
2025-05,LE,-0.01397033
2025-06,LE,0.07033982
2025-07,LE,0.00538504
2025-08,LE,-0.03024719
2025-09,LE,0.00456702
2025-10,LE,-0.04334161
2025-11,LE,0.02904269
2025-12,LE,-0.03221872
2026-01,LE,-0.00069446
2026-02,LE,0.02804247
2026-03,LE,0.01083953
2026-04,LE,-0.01116925
2026-05,LE,0.03210636
2026-06,LE,-0.02404164
2011-05,MCL,-0.01919646
2011-06,MCL,0.02412509
2011-07,MCL,0.02664784
2011-08,MCL,0.00366447
2011-09,MCL,-0.01472263
2011-10,MCL,-0.01505065
2011-11,MCL,0.02675781
2011-12,MCL,0.00242337
2012-01,MCL,-0.00792712
2012-02,MCL,-6.264e-05
2012-03,MCL,0.00080782
2012-04,MCL,-0.00477524
2012-05,MCL,0.01585783
2012-06,MCL,0.01213227
2012-07,MCL,-0.00228998
2012-08,MCL,0.01306336
2012-09,MCL,-0.01062984
2012-10,MCL,0.00092807
2012-11,MCL,-0.00912405
2012-12,MCL,0.00332158
2013-01,MCL,-0.00589341
2013-02,MCL,-0.01864849
2013-03,MCL,0.00803007
2013-04,MCL,-0.01620324
2013-05,MCL,-0.03711895
2013-06,MCL,-0.0321033
2013-07,MCL,0.01293167
2013-08,MCL,0.00461528
2013-09,MCL,0.01283928
2013-10,MCL,0.01555635
2013-11,MCL,-0.02237906
2013-12,MCL,0.00189719
2014-01,MCL,0.00782247
2014-02,MCL,0.01445623
2014-03,MCL,0.01257619
2014-04,MCL,-0.00799287
2014-05,MCL,0.00616543
2014-06,MCL,0.00099759
2014-07,MCL,0.00751928
2014-08,MCL,-0.0169848
2014-09,MCL,0.05854777
2014-10,MCL,0.07284271
2014-11,MCL,0.07226219
2014-12,MCL,0.0305815
2015-01,MCL,-0.01756761
2015-02,MCL,0.00958747
2015-03,MCL,-0.03563943
2015-04,MCL,4.264e-05
2015-05,MCL,-0.01890295
2015-06,MCL,-0.00261402
2015-07,MCL,-1.222e-05
2015-08,MCL,-0.00443281
2015-09,MCL,-0.00457504
2015-10,MCL,-0.00080711
2015-11,MCL,0.0010985
2015-12,MCL,-0.00737797
2016-01,MCL,0.01954475
2016-02,MCL,0.01502629
2016-03,MCL,-0.04491741
2016-04,MCL,-0.01608904
2016-05,MCL,-0.00096827
2016-06,MCL,0.01287915
2016-07,MCL,-0.02199764
2016-08,MCL,0.00074728
2016-09,MCL,0.00321115
2016-10,MCL,0.01803979
2016-11,MCL,-0.01315907
2016-12,MCL,0.01617272
2017-01,MCL,0.00054417
2017-02,MCL,0.00633481
2017-03,MCL,0.00494851
2017-04,MCL,0.00052514
2017-05,MCL,0.01019022
2017-06,MCL,-0.02757976
2017-07,MCL,0.01409643
2017-08,MCL,-0.01022582
2017-09,MCL,0.0094234
2017-10,MCL,0.00226843
2017-11,MCL,-0.00554748
2017-12,MCL,-0.00126667
2018-01,MCL,-0.01335372
2018-02,MCL,0.01782302
2018-03,MCL,-0.01451062
2018-04,MCL,0.00916292
2018-05,MCL,-0.0852584
2018-06,MCL,0.0152703
2018-07,MCL,-0.01557838
2018-08,MCL,0.01360192
2018-09,MCL,0.03878585
2018-10,MCL,0.04029758
2018-11,MCL,0.01727431
2018-12,MCL,-0.02255717
2019-01,MCL,-0.01701214
2019-02,MCL,-0.01409389
2019-03,MCL,-0.02494005
2019-04,MCL,0.03389332
2019-05,MCL,-0.00933827
2019-06,MCL,-0.00638614
2019-07,MCL,-0.00799118
2019-08,MCL,0.00672425
2019-09,MCL,-0.00296734
2019-10,MCL,-0.00853918
2019-11,MCL,-0.01826597
2019-12,MCL,0.02910976
2020-01,MCL,0.03514338
2020-02,MCL,0.08976878
2020-03,MCL,-0.05219615
2020-04,MCL,0.00139569
2020-05,MCL,0.00761397
2020-06,MCL,-0.0113812
2020-07,MCL,-0.01013763
2020-08,MCL,-0.00990144
2020-09,MCL,-0.0057818
2020-10,MCL,-0.01807797
2020-11,MCL,-0.00802775
2020-12,MCL,-0.00952118
2021-01,MCL,0.01125863
2021-02,MCL,0.01424429
2021-03,MCL,-0.04810158
2021-04,MCL,-0.00494934
2021-05,MCL,-0.01667873
2021-06,MCL,0.0116522
2021-07,MCL,-0.00242114
2021-08,MCL,-0.02852885
2021-09,MCL,-0.01802089
2021-10,MCL,0.03806902
2021-11,MCL,-0.00544571
2021-12,MCL,-0.00291358
2022-01,MCL,0.0333706
2022-02,MCL,0.02420483
2022-03,MCL,0.00228013
2022-04,MCL,-0.01354209
2022-05,MCL,-0.00784813
2022-06,MCL,-0.00956034
2022-07,MCL,0.02143369
2022-08,MCL,0.02689081
2022-09,MCL,-0.01986371
2022-10,MCL,0.03546706
2022-11,MCL,0.01483041
2022-12,MCL,0.00924691
2023-01,MCL,-0.05913459
2023-02,MCL,0.01150795
2023-03,MCL,0.02960892
2023-04,MCL,-0.02480235
2023-05,MCL,0.03257213
2023-06,MCL,-0.00864524
2023-07,MCL,-0.02151167
2023-08,MCL,-0.02944461
2023-09,MCL,0.00662017
2023-10,MCL,0.01116873
2023-11,MCL,-0.00039115
2023-12,MCL,-0.01018383
2024-01,MCL,-0.00970775
2024-02,MCL,0.00558107
2024-03,MCL,0.0058724
2024-04,MCL,0.00301712
2024-05,MCL,-0.02299632
2024-06,MCL,0.00029742
2024-07,MCL,-0.01293488
2024-08,MCL,0.01176585
2024-09,MCL,-0.01511973
2024-10,MCL,0.00435214
2024-11,MCL,-0.00671466
2024-12,MCL,-0.0053608
2025-01,MCL,0.01634597
2025-02,MCL,-0.0129662
2025-03,MCL,-0.00470496
2025-04,MCL,-0.01154135
2025-05,MCL,-0.02021161
2025-06,MCL,0.009736
2025-07,MCL,0.00246629
2025-08,MCL,-0.01338739
2025-09,MCL,0.01120912
2025-10,MCL,-3.545e-05
2025-11,MCL,0.00416945
2025-12,MCL,0.01538631
2026-01,MCL,0.00962874
2026-02,MCL,-0.10344054
2026-03,MCL,0.0024079
2026-04,MCL,-0.00014274
2026-05,MCL,-0.00348871
2026-06,MCL,-0.00859908
2011-05,MGC,-0.02895021
2011-06,MGC,-0.00432375
2011-07,MGC,-0.00771197
2011-08,MGC,0.01624401
2011-09,MGC,-0.00502336
2011-10,MGC,0.00095479
2011-11,MGC,0.02999138
2011-12,MGC,-0.00527734
2012-01,MGC,0.00233265
2012-02,MGC,-0.00798144
2012-03,MGC,0.00522139
2012-04,MGC,-0.01431639
2012-05,MGC,0.02088681
2012-06,MGC,0.03085401
2012-07,MGC,-0.00365443
2012-08,MGC,-0.0187403
2012-09,MGC,0.00105049
2012-10,MGC,0.00018249
2012-11,MGC,-0.00187307
2012-12,MGC,0.0023723
2013-01,MGC,0.00253832
2013-02,MGC,-0.00542478
2013-03,MGC,0.01057576
2013-04,MGC,0.01329653
2013-05,MGC,0.01397354
2013-06,MGC,-0.02606683
2013-07,MGC,0.00388451
2013-08,MGC,0.00851309
2013-09,MGC,0.00037306
2013-10,MGC,0.00156309
2013-11,MGC,0.00412625
2013-12,MGC,-0.00198585
2014-01,MGC,-0.00302419
2014-02,MGC,0.00657507
2014-03,MGC,0.00364196
2014-04,MGC,0.01380279
2014-05,MGC,-0.00536645
2014-06,MGC,-0.01087067
2014-07,MGC,8.458e-05
2014-08,MGC,0.00288371
2014-09,MGC,-0.00429576
2014-10,MGC,-0.02164968
2014-11,MGC,-0.00448927
2014-12,MGC,-0.04033912
2015-01,MGC,0.01625863
2015-02,MGC,-5.416e-05
2015-03,MGC,-0.00227684
2015-04,MGC,5.702e-05
2015-05,MGC,-0.00295715
2015-06,MGC,-0.00156352
2015-07,MGC,-0.00127945
2015-08,MGC,-0.0047219
2015-09,MGC,0.00421527
2015-10,MGC,0.00405652
2015-11,MGC,0.00592136
2015-12,MGC,-0.01969894
2016-01,MGC,-0.02799511
2016-02,MGC,0.0010318
2016-03,MGC,-0.0145614
2016-04,MGC,0.00622931
2016-05,MGC,-0.01731661
2016-06,MGC,-0.00246045
2016-07,MGC,-0.00016304
2016-08,MGC,0.00174941
2016-09,MGC,-0.00057678
2016-10,MGC,0.00627921
2016-11,MGC,0.00135795
2016-12,MGC,-0.00262983
2017-01,MGC,-0.00310669
2017-02,MGC,-0.00515655
2017-03,MGC,-0.00603345
2017-04,MGC,-0.00126163
2017-05,MGC,-0.00090171
2017-06,MGC,0.00069419
2017-07,MGC,0.02419778
2017-08,MGC,-0.00230094
2017-09,MGC,0.00284299
2017-10,MGC,0.00725419
2017-11,MGC,-0.00213772
2017-12,MGC,0.0045143
2018-01,MGC,-0.01358194
2018-02,MGC,0.01749427
2018-03,MGC,-0.00823459
2018-04,MGC,0.00420711
2018-05,MGC,0.00056704
2018-06,MGC,0.00273845
2018-07,MGC,0.00010864
2018-08,MGC,0.01044106
2018-09,MGC,0.03673544
2018-10,MGC,-0.00241604
2018-11,MGC,-0.00245613
2018-12,MGC,0.00296489
2019-01,MGC,-0.00778897
2019-02,MGC,0.00263303
2019-03,MGC,-0.00790831
2019-04,MGC,0.01584057
2019-05,MGC,0.01286567
2019-06,MGC,0.00655328
2019-07,MGC,0.00526487
2019-08,MGC,-0.00206617
2019-09,MGC,-0.01030589
2019-10,MGC,-0.00015515
2019-11,MGC,-0.0100445
2019-12,MGC,0.00987523
2020-01,MGC,0.01469642
2020-02,MGC,0.0012777
2020-03,MGC,0.06436862
2020-04,MGC,-0.00877649
2020-05,MGC,0.00024057
2020-06,MGC,-0.00867292
2020-07,MGC,-0.00390738
2020-08,MGC,0.0014552
2020-09,MGC,0.00808744
2020-10,MGC,0.00369117
2020-11,MGC,0.01861771
2020-12,MGC,0.00764974
2021-01,MGC,0.00273573
2021-02,MGC,0.00483336
2021-03,MGC,0.01364726
2021-04,MGC,-0.01338867
2021-05,MGC,0.00414777
2021-06,MGC,-0.0009096
2021-07,MGC,-0.01434065
2021-08,MGC,-0.0050035
2021-09,MGC,0.00242321
2021-10,MGC,-0.00345565
2021-11,MGC,0.00759482
2021-12,MGC,0.00594964
2022-01,MGC,-0.00281346
2022-02,MGC,-0.00110254
2022-03,MGC,-0.00031229
2022-04,MGC,-0.00585714
2022-05,MGC,0.00241005
2022-06,MGC,0.00250676
2022-07,MGC,-0.0005672
2022-08,MGC,0.00074341
2022-09,MGC,0.00357379
2022-10,MGC,-0.02432809
2022-11,MGC,-0.00398603
2022-12,MGC,-0.00994587
2023-01,MGC,0.00347414
2023-02,MGC,-0.00663782
2023-03,MGC,0.02823813
2023-04,MGC,-0.01307463
2023-05,MGC,-0.00744073
2023-06,MGC,0.02101796
2023-07,MGC,-0.01014182
2023-08,MGC,-0.00207103
2023-09,MGC,0.02700481
2023-10,MGC,0.0034437
2023-11,MGC,-0.00050662
2023-12,MGC,0.0070731
2024-01,MGC,0.00133759
2024-02,MGC,0.02310701
2024-03,MGC,-0.00239867
2024-04,MGC,-0.02378048
2024-05,MGC,-0.0070457
2024-06,MGC,-0.00066677
2024-07,MGC,-0.01248142
2024-08,MGC,0.01555998
2024-09,MGC,0.00395767
2024-10,MGC,-0.0081502
2024-11,MGC,-0.00049849
2024-12,MGC,0.00366206
2025-01,MGC,0.01667642
2025-02,MGC,0.00302631
2025-03,MGC,-0.03339361
2025-04,MGC,-0.00206595
2025-05,MGC,-0.00039429
2025-06,MGC,0.0256559
2025-07,MGC,-0.00022679
2025-08,MGC,0.01553851
2025-09,MGC,0.00489166
2025-10,MGC,0.0093896
2025-11,MGC,0.01920698
2025-12,MGC,0.01488861
2026-01,MGC,0.03753354
2026-02,MGC,-0.02575706
2026-03,MGC,-9.82e-06
2026-04,MGC,-0.00593136
2026-05,MGC,0.00898042
2026-06,MGC,-0.00486236
2011-05,MHG,-0.0049437
2011-06,MHG,0.00197296
2011-07,MHG,-0.05132721
2011-08,MHG,-0.04014738
2011-09,MHG,0.00914547
2011-10,MHG,0.00357262
2011-11,MHG,0.00097791
2011-12,MHG,0.00010083
2012-01,MHG,0.00142346
2012-02,MHG,-0.00117278
2012-03,MHG,0.00179034
2012-04,MHG,0.00678557
2012-05,MHG,0.02315456
2012-06,MHG,0.03171729
2012-07,MHG,0.00054214
2012-08,MHG,-0.01464171
2012-09,MHG,-0.0014108
2012-10,MHG,0.000813
2012-11,MHG,-0.00111082
2012-12,MHG,0.00172827
2013-01,MHG,-0.00857912
2013-02,MHG,-0.00211602
2013-03,MHG,0.01453535
2013-04,MHG,0.00038944
2013-05,MHG,-0.01344846
2013-06,MHG,-0.02680529
2013-07,MHG,0.00585884
2013-08,MHG,0.01501969
2013-09,MHG,-0.00079349
2013-10,MHG,0.00128663
2013-11,MHG,0.01035013
2013-12,MHG,-0.0036874
2014-01,MHG,-0.0060534
2014-02,MHG,-0.00749273
2014-03,MHG,0.00154896
2014-04,MHG,0.00605735
2014-05,MHG,0.00994132
2014-06,MHG,-0.00065033
2014-07,MHG,0.00355079
2014-08,MHG,-0.00155302
2014-09,MHG,-0.0145001
2014-10,MHG,-0.00910846
2014-11,MHG,-0.00305337
2014-12,MHG,0.00111657
2015-01,MHG,0.0017466
2015-02,MHG,-0.0017305
2015-03,MHG,-0.00633653
2015-04,MHG,0.00251253
2015-05,MHG,-0.01891361
2015-06,MHG,-0.00261402
2015-07,MHG,0.0025526
2015-08,MHG,-0.00571312
2015-09,MHG,-0.00381663
2015-10,MHG,-0.00084568
2015-11,MHG,0.0010985
2015-12,MHG,-0.00583219
2016-01,MHG,-0.00569746
2016-02,MHG,0.0010773
2016-03,MHG,-0.00960491
2016-04,MHG,-0.01290432
2016-05,MHG,-0.01416991
2016-06,MHG,-0.00155266
2016-07,MHG,-0.00364015
2016-08,MHG,0.00377027
2016-09,MHG,-0.00225235
2016-10,MHG,-0.00384442
2016-11,MHG,0.00073369
2016-12,MHG,-0.00295519
2017-01,MHG,-1.673e-05
2017-02,MHG,-0.00371423
2017-03,MHG,-0.00136233
2017-04,MHG,-0.00049453
2017-05,MHG,0.00539377
2017-06,MHG,0.01502635
2017-07,MHG,0.02744663
2017-08,MHG,-0.00259527
2017-09,MHG,0.02374011
2017-10,MHG,0.0046015
2017-11,MHG,0.00771456
2017-12,MHG,-0.0101762
2018-01,MHG,-0.00564735
2018-02,MHG,0.00651211
2018-03,MHG,-0.00274802
2018-04,MHG,0.00803485
2018-05,MHG,0.01061112
2018-06,MHG,0.00095348
2018-07,MHG,-0.00619925
2018-08,MHG,0.04194823
2018-09,MHG,0.02499738
2018-10,MHG,0.00457736
2018-11,MHG,-0.02070399
2018-12,MHG,-0.00201927
2019-01,MHG,0.00602376
2019-02,MHG,0.00107569
2019-03,MHG,-0.00382486
2019-04,MHG,-0.00953292
2019-05,MHG,-0.01550778
2019-06,MHG,0.00372706
2019-07,MHG,-0.01821668
2019-08,MHG,0.0030049
2019-09,MHG,-0.01037016
2019-10,MHG,0.00047475
2019-11,MHG,-0.00412352
2019-12,MHG,-0.01718544
2020-01,MHG,0.0105427
2020-02,MHG,-0.01934481
2020-03,MHG,0.06355419
2020-04,MHG,-0.01589435
2020-05,MHG,0.00407313
2020-06,MHG,-0.00042816
2020-07,MHG,0.0007669
2020-08,MHG,0.00132752
2020-09,MHG,0.00494535
2020-10,MHG,0.00187798
2020-11,MHG,0.0021836
2020-12,MHG,0.00108818
2021-01,MHG,0.00827453
2021-02,MHG,0.00991491
2021-03,MHG,0.0136988
2021-04,MHG,-0.0082616
2021-05,MHG,0.00176784
2021-06,MHG,-0.0003976
2021-07,MHG,-0.00734382
2021-08,MHG,-0.00370625
2021-09,MHG,0.00247782
2021-10,MHG,-0.00786511
2021-11,MHG,0.01155371
2021-12,MHG,0.00680923
2022-01,MHG,0.00144083
2022-02,MHG,-0.00348303
2022-03,MHG,-0.0032079
2022-04,MHG,-0.00341495
2022-05,MHG,0.00604873
2022-06,MHG,0.00040795
2022-07,MHG,-0.00417453
2022-08,MHG,6.686e-05
2022-09,MHG,-0.00136527
2022-10,MHG,-0.00731456
2022-11,MHG,0.00074049
2022-12,MHG,-0.01153413
2023-01,MHG,-0.00112038
2023-02,MHG,0.00148987
2023-03,MHG,0.03791683
2023-04,MHG,-0.00912706
2023-05,MHG,-0.00654848
2023-06,MHG,0.02556332
2023-07,MHG,-0.00236556
2023-08,MHG,-0.01172119
2023-09,MHG,-0.00873958
2023-10,MHG,0.00257729
2023-11,MHG,0.00054763
2023-12,MHG,0.00597753
2024-01,MHG,-0.00155148
2024-02,MHG,0.01254756
2024-03,MHG,0.00438355
2024-04,MHG,-0.017796
2024-05,MHG,-0.00879453
2024-06,MHG,-0.01074841
2024-07,MHG,-0.01451695
2024-08,MHG,0.00904746
2024-09,MHG,0.0039954
2024-10,MHG,-0.00399136
2024-11,MHG,-0.00332462
2024-12,MHG,0.00028118
2025-01,MHG,0.02071479
2025-02,MHG,0.00134622
2025-03,MHG,-0.04798966
2025-04,MHG,0.00111155
2025-05,MHG,0.00482038
2025-06,MHG,0.00257969
2025-07,MHG,-0.00685259
2025-08,MHG,-0.00504287
2025-09,MHG,0.00389838
2025-10,MHG,-0.0133026
2025-11,MHG,0.00681096
2025-12,MHG,-0.01620974
2026-01,MHG,0.00072447
2026-02,MHG,0.0038013
2026-03,MHG,0.00412567
2026-04,MHG,0.00183621
2026-05,MHG,0.01786519
2026-06,MHG,-0.00265055
2011-05,PA,-0.02708837
2011-06,PA,0.00457256
2011-07,PA,0.01245987
2011-08,PA,0.01106351
2011-09,PA,-0.00096613
2011-10,PA,0.00065728
2011-11,PA,0.00195841
2011-12,PA,-0.00116404
2012-01,PA,0.0012854
2012-02,PA,-0.00041785
2012-03,PA,0.00098921
2012-04,PA,-0.00269196
2012-05,PA,0.0226127
2012-06,PA,0.02987986
2012-07,PA,0.00018083
2012-08,PA,-0.01620798
2012-09,PA,-0.00251371
2012-10,PA,-0.01538601
2012-11,PA,-0.00854611
2012-12,PA,0.00432443
2013-01,PA,-0.01157202
2013-02,PA,-0.01056697
2013-03,PA,0.01376395
2013-04,PA,-0.01662246
2013-05,PA,-0.01079984
2013-06,PA,-0.02339161
2013-07,PA,0.01596532
2013-08,PA,0.01426989
2013-09,PA,3.075e-05
2013-10,PA,-0.00152645
2013-11,PA,0.00244635
2013-12,PA,0.00018699
2014-01,PA,-0.00736761
2014-02,PA,-0.00590294
2014-03,PA,-0.00582872
2014-04,PA,-0.01231889
2014-05,PA,0.00904136
2014-06,PA,-0.02828673
2014-07,PA,-0.01992744
2014-08,PA,0.10348747
2014-09,PA,-0.07087821
2014-10,PA,-0.0229813
2014-11,PA,-0.00183582
2014-12,PA,0.00420981
2015-01,PA,-0.01410203
2015-02,PA,0.00604798
2015-03,PA,-0.00640201
2015-04,PA,-0.00203784
2015-05,PA,0.04978388
2015-06,PA,0.00668462
2015-07,PA,0.01601201
2015-08,PA,-0.02805585
2015-09,PA,0.01338858
2015-10,PA,0.01834961
2015-11,PA,-0.00702831
2015-12,PA,0.00766589
2016-01,PA,0.00384505
2016-02,PA,0.00437942
2016-03,PA,-0.02194944
2016-04,PA,0.00040369
2016-05,PA,-0.00610011
2016-06,PA,-0.001497
2016-07,PA,-0.0015283
2016-08,PA,5.645e-05
2016-09,PA,-0.00323029
2016-10,PA,-0.00884244
2016-11,PA,-0.00246327
2016-12,PA,0.00358457
2017-01,PA,0.00315097
2017-02,PA,-0.01597245
2017-03,PA,-0.00418559
2017-04,PA,8.14e-06
2017-05,PA,-0.00799095
2017-06,PA,-0.00269494
2017-07,PA,-0.02498988
2017-08,PA,0.0030979
2017-09,PA,-0.00056776
2017-10,PA,0.00618748
2017-11,PA,-0.01804468
2017-12,PA,0.014184
2018-01,PA,-0.00666075
2018-02,PA,0.06280695
2018-03,PA,-0.02470763
2018-04,PA,-0.00957562
2018-05,PA,-0.03584812
2018-06,PA,0.01743379
2018-07,PA,-0.02282744
2018-08,PA,-0.00513966
2018-09,PA,0.02156579
2018-10,PA,-0.02296659
2018-11,PA,-0.01893496
2018-12,PA,-0.00766342
2019-01,PA,-0.04078478
2019-02,PA,0.01295119
2019-03,PA,-0.04064385
2019-04,PA,0.06072829
2019-05,PA,-0.04306883
2019-06,PA,-0.0139072
2019-07,PA,-0.01705367
2019-08,PA,-0.01910316
2019-09,PA,-0.02418748
2019-10,PA,-0.01636078
2019-11,PA,-0.01487622
2019-12,PA,-0.12301179
2020-01,PA,-0.04083388
2020-02,PA,-0.02163903
2020-03,PA,0.04000202
2020-04,PA,-0.00337734
2020-05,PA,0.0036244
2020-06,PA,0.0198543
2020-07,PA,0.00446408
2020-08,PA,0.00831829
2020-09,PA,0.00922667
2020-10,PA,0.00583348
2020-11,PA,0.03125365
2020-12,PA,0.00518091
2021-01,PA,-0.00379656
2021-02,PA,-0.04941077
2021-03,PA,0.01936977
2021-04,PA,-0.00397002
2021-05,PA,-0.00286474
2021-06,PA,0.00010005
2021-07,PA,-0.01589633
2021-08,PA,-0.01124541
2021-09,PA,0.0030345
2021-10,PA,0.00287418
2021-11,PA,0.0129645
2021-12,PA,0.00624972
2022-01,PA,0.02373445
2022-02,PA,-0.00321752
2022-03,PA,-0.00022811
2022-04,PA,-0.00335692
2022-05,PA,-0.01026705
2022-06,PA,-0.00642174
2022-07,PA,-0.00819551
2022-08,PA,-0.0001818
2022-09,PA,0.00215923
2022-10,PA,0.02334849
2022-11,PA,0.00770152
2022-12,PA,0.00495207
2023-01,PA,-0.00339026
2023-02,PA,-0.0034772
2023-03,PA,0.01951659
2023-04,PA,-0.02130331
2023-05,PA,0.06065615
2023-06,PA,0.01984327
2023-07,PA,0.00084925
2023-08,PA,-0.01584444
2023-09,PA,-0.00335738
2023-10,PA,0.00265811
2023-11,PA,0.00020228
2023-12,PA,8.05e-06
2024-01,PA,-0.00371192
2024-02,PA,0.0096719
2024-03,PA,0.00440773
2024-04,PA,-0.01413124
2024-05,PA,-0.00678471
2024-06,PA,-0.00804731
2024-07,PA,-0.01449898
2024-08,PA,0.00470892
2024-09,PA,0.00050884
2024-10,PA,-0.01620037
2024-11,PA,-0.00119332
2024-12,PA,-0.00508728
2025-01,PA,0.01739272
2025-02,PA,-0.00834504
2025-03,PA,-0.03732651
2025-04,PA,0.00064646
2025-05,PA,-0.00127903
2025-06,PA,0.0164316
2025-07,PA,-0.00700068
2025-08,PA,0.00362852
2025-09,PA,-8.804e-05
2025-10,PA,0.00039759
2025-11,PA,0.01528548
2025-12,PA,-0.016196
2026-01,PA,-0.00964979
2026-02,PA,0.01861636
2026-03,PA,0.0123159
2026-04,PA,-0.00721491
2026-05,PA,0.02289763
2026-06,PA,-0.00601013
2011-05,PL,-0.00459216
2011-06,PL,-0.001344
2011-07,PL,-0.00348996
2011-08,PL,0.00600481
2011-09,PL,-0.00096744
2011-10,PL,0.00520067
2011-11,PL,0.00191499
2011-12,PL,-0.02010664
2012-01,PL,-0.00958325
2012-02,PL,-0.00680964
2012-03,PL,0.01371506
2012-04,PL,-0.01794547
2012-05,PL,0.01851457
2012-06,PL,0.03476517
2012-07,PL,0.00019611
2012-08,PL,-0.01237229
2012-09,PL,-9.029e-05
2012-10,PL,-0.00021164
2012-11,PL,0.00155141
2012-12,PL,-0.00142841
2013-01,PL,-0.00741584
2013-02,PL,-0.00493673
2013-03,PL,0.01313715
2013-04,PL,-0.00809287
2013-05,PL,0.00585008
2013-06,PL,-0.01426148
2013-07,PL,0.00399566
2013-08,PL,0.01421894
2013-09,PL,3.075e-05
2013-10,PL,-0.00152645
2013-11,PL,0.00244635
2013-12,PL,0.00018699
2014-01,PL,0.00054961
2014-02,PL,0.00648292
2014-03,PL,0.00650838
2014-04,PL,-0.00692227
2014-05,PL,0.00507321
2014-06,PL,-0.01199791
2014-07,PL,0.01471147
2014-08,PL,0.01985385
2014-09,PL,0.01069145
2014-10,PL,-0.00641767
2014-11,PL,-0.00295113
2014-12,PL,-0.02803487
2015-01,PL,0.02541224
2015-02,PL,0.00353217
2015-03,PL,-0.00036603
2015-04,PL,0.0099756
2015-05,PL,0.00254727
2015-06,PL,0.01769585
2015-07,PL,-0.00423965
2015-08,PL,0.02246171
2015-09,PL,-0.0080928
2015-10,PL,0.01269443
2015-11,PL,-0.00320393
2015-12,PL,-0.00736464
2016-01,PL,0.00081928
2016-02,PL,0.00237069
2016-03,PL,0.00124867
2016-04,PL,0.00705958
2016-05,PL,-0.01682618
2016-06,PL,0.00771412
2016-07,PL,-0.00097378
2016-08,PL,-0.00701136
2016-09,PL,0.00272941
2016-10,PL,-0.0037878
2016-11,PL,0.00252306
2016-12,PL,-0.00293105
2017-01,PL,0.0001831
2017-02,PL,-0.00373111
2017-03,PL,-0.00078091
2017-04,PL,-0.00187632
2017-05,PL,-0.00230436
2017-06,PL,-0.00276162
2017-07,PL,0.0193008
2017-08,PL,-0.00353135
2017-09,PL,0.00705625
2017-10,PL,0.00963195
2017-11,PL,-0.00410219
2017-12,PL,0.00659
2018-01,PL,-0.00990315
2018-02,PL,0.00982735
2018-03,PL,-0.00752161
2018-04,PL,0.00648964
2018-05,PL,0.00887303
2018-06,PL,0.00435471
2018-07,PL,0.00011692
2018-08,PL,0.01131079
2018-09,PL,0.03229364
2018-10,PL,-0.00455016
2018-11,PL,-0.00336163
2018-12,PL,0.00025988
2019-01,PL,-0.00315159
2019-02,PL,-0.00048008
2019-03,PL,-0.00234757
2019-04,PL,-0.00874333
2019-05,PL,0.00235891
2019-06,PL,0.00991504
2019-07,PL,-0.01142648
2019-08,PL,-0.0001647
2019-09,PL,-0.00908108
2019-10,PL,0.00027688
2019-11,PL,-0.0047694
2019-12,PL,0.00539713
2020-01,PL,0.00119533
2020-02,PL,-0.02148038
2020-03,PL,0.04768462
2020-04,PL,-0.00893849
2020-05,PL,0.00731968
2020-06,PL,-0.00063585
2020-07,PL,0.00337277
2020-08,PL,0.01269284
2020-09,PL,0.01286419
2020-10,PL,-0.00690221
2020-11,PL,0.01285317
2020-12,PL,0.001586
2021-01,PL,-0.01380182
2021-02,PL,0.00290201
2021-03,PL,0.0163339
2021-04,PL,-0.00303625
2021-05,PL,0.00181591
2021-06,PL,0.00358406
2021-07,PL,-0.00738284
2021-08,PL,-0.00370625
2021-09,PL,0.00743306
2021-10,PL,-0.01684962
2021-11,PL,0.0150533
2021-12,PL,0.01574662
2022-01,PL,-0.00205826
2022-02,PL,-0.01081148
2022-03,PL,0.0022494
2022-04,PL,0.01190101
2022-05,PL,-0.00352704
2022-06,PL,0.00249902
2022-07,PL,-0.00221273
2022-08,PL,6.294e-05
2022-09,PL,-0.00621971
2022-10,PL,-0.00729265
2022-11,PL,-0.00386338
2022-12,PL,-0.0029016
2023-01,PL,0.00141449
2023-02,PL,-0.00368425
2023-03,PL,0.02172114
2023-04,PL,-0.01306894
2023-05,PL,-0.00653224
2023-06,PL,0.02103272
2023-07,PL,-0.00820286
2023-08,PL,-0.00538835
2023-09,PL,-0.00340899
2023-10,PL,-0.00164084
2023-11,PL,0.00012019
2023-12,PL,8.05e-06
2024-01,PL,-0.00371192
2024-02,PL,0.01145055
2024-03,PL,-0.00319617
2024-04,PL,-0.00279425
2024-05,PL,-0.00547887
2024-06,PL,-0.01266425
2024-07,PL,-0.02221715
2024-08,PL,0.01005474
2024-09,PL,0.01101135
2024-10,PL,-0.00373432
2024-11,PL,-0.00681587
2024-12,PL,0.01736425
2025-01,PL,-0.01638266
2025-02,PL,-0.00422374
2025-03,PL,-0.04067647
2025-04,PL,0.01022323
2025-05,PL,0.02223476
2025-06,PL,0.0227313
2025-07,PL,-0.0116606
2025-08,PL,0.00260953
2025-09,PL,-0.00778393
2025-10,PL,-0.00416424
2025-11,PL,0.01525727
2025-12,PL,-0.00938785
2026-01,PL,-4.851e-05
2026-02,PL,0.00383579
2026-03,PL,0.00412567
2026-04,PL,-0.00587675
2026-05,PL,0.00350467
2026-06,PL,1.663e-05
2011-05,RB,-0.00050485
2011-06,RB,8.724e-05
2011-07,RB,0.00511518
2011-08,RB,0.01420536
2011-09,RB,0.011187
2011-10,RB,0.00329116
2011-11,RB,0.00926579
2011-12,RB,0.00479505
2012-01,RB,-0.00315825
2012-02,RB,0.00469479
2012-03,RB,-0.02477631
2012-04,RB,-0.01756654
2012-05,RB,-0.01225129
2012-06,RB,0.03219745
2012-07,RB,0.01313769
2012-08,RB,-0.02092429
2012-09,RB,-0.01630324
2012-10,RB,0.01608616
2012-11,RB,0.00375742
2012-12,RB,0.02617041
2013-01,RB,-0.01605818
2013-02,RB,0.0098053
2013-03,RB,-0.00087885
2013-04,RB,0.00657945
2013-05,RB,-0.00980587
2013-06,RB,-0.03209641
2013-07,RB,0.00034407
2013-08,RB,0.01302467
2013-09,RB,-0.00477239
2013-10,RB,-0.02066654
2013-11,RB,-0.01575915
2013-12,RB,-0.00544917
2014-01,RB,0.0119673
2014-02,RB,0.01909509
2014-03,RB,-0.00593627
2014-04,RB,0.00083864
2014-05,RB,0.00386119
2014-06,RB,-0.01644907
2014-07,RB,-0.00108714
2014-08,RB,-0.00326748
2014-09,RB,-0.02457356
2014-10,RB,-0.01150446
2014-11,RB,-0.00341334
2014-12,RB,0.003956
2015-01,RB,0.00173003
2015-02,RB,-0.00104909
2015-03,RB,0.00463534
2015-04,RB,0.00233654
2015-05,RB,-0.01838615
2015-06,RB,-8.381e-05
2015-07,RB,0.00541062
2015-08,RB,-0.00591963
2015-09,RB,0.02653187
2015-10,RB,-0.01580583
2015-11,RB,0.02013161
2015-12,RB,0.03101211
2016-01,RB,0.00350748
2016-02,RB,0.00940726
2016-03,RB,-0.04868232
2016-04,RB,-0.01407783
2016-05,RB,0.006709
2016-06,RB,0.01577426
2016-07,RB,-0.02104047
2016-08,RB,-0.01595097
2016-09,RB,-0.00142245
2016-10,RB,0.03498171
2016-11,RB,-0.01770441
2016-12,RB,0.01430244
2017-01,RB,0.01168461
2017-02,RB,-0.00923009
2017-03,RB,0.00872113
2017-04,RB,-0.01837012
2017-05,RB,0.01272327
2017-06,RB,-0.01360854
2017-07,RB,-0.03217279
2017-08,RB,0.00869136
2017-09,RB,-0.00141029
2017-10,RB,0.00073356
2017-11,RB,-0.00491533
2017-12,RB,0.0084215
2018-01,RB,-0.01166306
2018-02,RB,0.02072615
2018-03,RB,0.00640511
2018-04,RB,0.01480639
2018-05,RB,0.01923684
2018-06,RB,0.0114619
2018-07,RB,0.04569865
2018-08,RB,-0.00017833
2018-09,RB,-0.09408035
2018-10,RB,-0.05880623
2018-11,RB,-0.01614239
2018-12,RB,-0.01130024
2019-01,RB,0.01252987
2019-02,RB,0.01552753
2019-03,RB,0.0237358
2019-04,RB,0.00736896
2019-05,RB,0.00040561
2019-06,RB,0.00093949
2019-07,RB,-0.01882623
2019-08,RB,0.02288977
2019-09,RB,-0.01693797
2019-10,RB,0.00564688
2019-11,RB,-0.00490091
2019-12,RB,-0.00690606
2020-01,RB,-0.00555909
2020-02,RB,-0.08334452
2020-03,RB,-0.00499803
2020-04,RB,-0.01895555
2020-05,RB,0.00029085
2020-06,RB,-0.00766373
2020-07,RB,-0.00979276
2020-08,RB,-0.00332183
2020-09,RB,0.00454106
2020-10,RB,-0.00826452
2020-11,RB,-0.00064928
2020-12,RB,-0.00138846
2021-01,RB,0.02167875
2021-02,RB,0.00419871
2021-03,RB,-0.05394897
2021-04,RB,-0.00637164
2021-05,RB,0.0049242
2021-06,RB,-0.00210812
2021-07,RB,-0.00608053
2021-08,RB,0.01913486
2021-09,RB,0.03263336
2021-10,RB,-0.06626138
2021-11,RB,0.01720855
2021-12,RB,-0.00495617
2022-01,RB,-0.00698148
2022-02,RB,0.00546303
2022-03,RB,-0.00013386
2022-04,RB,-0.00335692
2022-05,RB,0.00401813
2022-06,RB,0.01658091
2022-07,RB,-0.01008397
2022-08,RB,-0.00509173
2022-09,RB,-0.00618883
2022-10,RB,-0.01815062
2022-11,RB,-0.00382873
2022-12,RB,-0.00301172
2023-01,RB,0.0105381
2023-02,RB,0.00289998
2023-03,RB,0.02441323
2023-04,RB,-0.00567437
2023-05,RB,0.01195358
2023-06,RB,0.12428046
2023-07,RB,-0.01544434
2023-08,RB,0.00592705
2023-09,RB,-0.00350939
2023-10,RB,-0.00977426
2023-11,RB,0.00104678
2023-12,RB,-0.01904866
2024-01,RB,-0.00814898
2024-02,RB,0.00749593
2024-03,RB,0.00459485
2024-04,RB,0.02693857
2024-05,RB,-0.04905839
2024-06,RB,0.00750077
2024-07,RB,0.013929
2024-08,RB,0.01444087
2024-09,RB,-0.008734
2024-10,RB,-0.00601533
2024-11,RB,-0.00766459
2024-12,RB,0.00302372
2025-01,RB,0.02481133
2025-02,RB,-0.02144111
2025-03,RB,0.00781825
2025-04,RB,0.00409255
2025-05,RB,-0.00796623
2025-06,RB,-0.0158064
2025-07,RB,-0.02046207
2025-08,RB,-0.01069126
2025-09,RB,-0.00017372
2025-10,RB,0.00039759
2025-11,RB,0.00118931
2025-12,RB,0.00226433
2026-01,RB,0.00555774
2026-02,RB,0.10276024
2026-03,RB,0.04464488
2026-04,RB,-0.00721067
2026-05,RB,0.02289763
2026-06,RB,-0.00558512
2011-05,SIL,-0.02394206
2011-06,SIL,0.00449275
2011-07,SIL,0.00495406
2011-08,SIL,-0.00083802
2011-09,SIL,-0.00093972
2011-10,SIL,0.00065728
2011-11,SIL,0.02813459
2011-12,SIL,-0.01081052
2012-01,SIL,0.00137739
2012-02,SIL,-0.00549685
2012-03,SIL,0.00892557
2012-04,SIL,-0.01673086
2012-05,SIL,0.02444911
2012-06,SIL,0.02989567
2012-07,SIL,-0.00470633
2012-08,SIL,-0.01481745
2012-09,SIL,-0.00609033
2012-10,SIL,-0.00087498
2012-11,SIL,-0.00252774
2012-12,SIL,0.00143283
2013-01,SIL,-0.00737734
2013-02,SIL,-0.00493673
2013-03,SIL,0.0039054
2013-04,SIL,-0.00811339
2013-05,SIL,-0.01074633
2013-06,SIL,-0.02854744
2013-07,SIL,0.00402059
2013-08,SIL,0.01421894
2013-09,SIL,3.075e-05
2013-10,SIL,-0.00152645
2013-11,SIL,0.00244635
2013-12,SIL,0.00018699
2014-01,SIL,-0.00736761
2014-02,SIL,-0.00154895
2014-03,SIL,0.00135169
2014-04,SIL,0.00194054
2014-05,SIL,0.00384678
2014-06,SIL,-0.01773765
2014-07,SIL,0.00489085
2014-08,SIL,0.00193374
2014-09,SIL,-0.01030132
2014-10,SIL,-0.01425951
2014-11,SIL,-0.00670362
2014-12,SIL,-0.01269495
2015-01,SIL,0.00909199
2015-02,SIL,-0.00161861
2015-03,SIL,-0.0010481
2015-04,SIL,-0.00495277
2015-05,SIL,7.591e-05
2015-06,SIL,-0.00750982
2015-07,SIL,0.00382417
2015-08,SIL,-0.00575662
2015-09,SIL,-0.0116943
2015-10,SIL,0.01210665
2015-11,SIL,0.00686614
2015-12,SIL,-0.0124029
2016-01,SIL,0.00083064
2016-02,SIL,0.00041376
2016-03,SIL,-0.0072175
2016-04,SIL,0.00371025
2016-05,SIL,-0.01167631
2016-06,SIL,0.00134407
2016-07,SIL,-0.00017748
2016-08,SIL,0.00174941
2016-09,SIL,-0.00057678
2016-10,SIL,-0.00010522
2016-11,SIL,0.00072018
2016-12,SIL,-0.00342921
2017-01,SIL,-0.00195811
2017-02,SIL,-0.00390931
2017-03,SIL,-0.00146616
2017-04,SIL,-0.00116472
2017-05,SIL,-0.00148724
2017-06,SIL,0.00178018
2017-07,SIL,0.02085494
2017-08,SIL,-0.00218283
2017-09,SIL,0.00333862
2017-10,SIL,0.0090868
2017-11,SIL,-0.00182736
2017-12,SIL,0.00259884
2018-01,SIL,-0.0173727
2018-02,SIL,0.01512793
2018-03,SIL,-0.00507568
2018-04,SIL,0.00666216
2018-05,SIL,0.01413719
2018-06,SIL,-0.00348549
2018-07,SIL,-0.00316147
2018-08,SIL,0.01573633
2018-09,SIL,0.01982479
2018-10,SIL,-0.00463985
2018-11,SIL,0.01072996
2018-12,SIL,-0.00055363
2019-01,SIL,-0.01338775
2019-02,SIL,0.00074267
2019-03,SIL,-0.0046329
2019-04,SIL,0.00413887
2019-05,SIL,-0.00655443
2019-06,SIL,0.02493258
2019-07,SIL,0.02847748
2019-08,SIL,-0.00804847
2019-09,SIL,-0.00732206
2019-10,SIL,-0.00193445
2019-11,SIL,-0.00991186
2019-12,SIL,0.01237184
2020-01,SIL,0.00713939
2020-02,SIL,-0.02019689
2020-03,SIL,0.05608656
2020-04,SIL,-0.00487768
2020-05,SIL,0.00236789
2020-06,SIL,-0.00336138
2020-07,SIL,-0.00672525
2020-08,SIL,0.00874793
2020-09,SIL,0.00873636
2020-10,SIL,0.00270091
2020-11,SIL,0.0232016
2020-12,SIL,0.00485103
2021-01,SIL,-0.00235661
2021-02,SIL,0.0086813
2021-03,SIL,0.01626725
2021-04,SIL,-0.02357947
2021-05,SIL,0.00316451
2021-06,SIL,0.00928142
2021-07,SIL,0.00310298
2021-08,SIL,-0.00456907
2021-09,SIL,-0.00182566
2021-10,SIL,-0.00270251
2021-11,SIL,0.01008827
2021-12,SIL,0.00649644
2022-01,SIL,-0.00278576
2022-02,SIL,-0.00124636
2022-03,SIL,-0.00275909
2022-04,SIL,-0.00350141
2022-05,SIL,0.00246237
2022-06,SIL,0.002593
2022-07,SIL,0.00972257
2022-08,SIL,-0.01068584
2022-09,SIL,-0.00279444
2022-10,SIL,0.00573076
2022-11,SIL,-0.007307
2022-12,SIL,0.00321651
2023-01,SIL,0.00618978
2023-02,SIL,-0.01043228
2023-03,SIL,0.02527062
2023-04,SIL,-0.0127134
2023-05,SIL,-0.00380204
2023-06,SIL,0.02220899
2023-07,SIL,-0.00818625
2023-08,SIL,-0.00538835
2023-09,SIL,-0.00041855
2023-10,SIL,0.00809413
2023-11,SIL,-0.00715116
2023-12,SIL,0.00173674
2024-01,SIL,-0.00030255
2024-02,SIL,0.01568911
2024-03,SIL,-9.527e-05
2024-04,SIL,0.00127717
2024-05,SIL,-0.00805294
2024-06,SIL,-0.01369597
2024-07,SIL,-0.01615477
2024-08,SIL,0.01048952
2024-09,SIL,0.00427542
2024-10,SIL,-0.00086143
2024-11,SIL,-0.00514199
2024-12,SIL,0.00043153
2025-01,SIL,0.00730069
2025-02,SIL,-0.00070469
2025-03,SIL,-0.04571204
2025-04,SIL,0.00084132
2025-05,SIL,0.01061773
2025-06,SIL,0.03067917
2025-07,SIL,0.00143623
2025-08,SIL,0.00598933
2025-09,SIL,-0.00076824
2025-10,SIL,0.01350186
2025-11,SIL,0.03999908
2025-12,SIL,0.01217469
2026-01,SIL,0.02147231
2026-02,SIL,0.00378193
2026-03,SIL,0.00412567
2026-04,SIL,-0.00587675
2026-05,SIL,0.00350467
2026-06,SIL,1.663e-05
2011-05,ZC,-0.03389256
2011-06,ZC,-0.00305247
2011-07,ZC,0.02969515
2011-08,ZC,0.00619723
2011-09,ZC,-0.00446407
2011-10,ZC,0.01034831
2011-11,ZC,0.00197031
2011-12,ZC,-0.00116404
2012-01,ZC,0.0012854
2012-02,ZC,-0.00066683
2012-03,ZC,0.00214182
2012-04,ZC,-0.01117399
2012-05,ZC,-0.04994689
2012-06,ZC,0.02516225
2012-07,ZC,0.01666973
2012-08,ZC,0.00533237
2012-09,ZC,-0.01523182
2012-10,ZC,0.00065569
2012-11,ZC,0.00213709
2012-12,ZC,0.00702028
2013-01,ZC,-0.01235306
2013-02,ZC,0.0043225
2013-03,ZC,0.0041856
2013-04,ZC,-0.03618638
2013-05,ZC,-0.00212252
2013-06,ZC,-0.03865408
2013-07,ZC,-0.02464896
2013-08,ZC,-0.01462607
2013-09,ZC,-0.02829462
2013-10,ZC,-0.01916128
2013-11,ZC,0.00421952
2013-12,ZC,0.01297737
2014-01,ZC,-0.00866146
2014-02,ZC,0.04643045
2014-03,ZC,0.00382146
2014-04,ZC,-0.01338808
2014-05,ZC,-0.03862166
2014-06,ZC,-0.02033281
2014-07,ZC,0.00491028
2014-08,ZC,-0.00976525
2014-09,ZC,-0.01339796
2014-10,ZC,-0.01161477
2014-11,ZC,-0.00304895
2014-12,ZC,0.00111657
2015-01,ZC,0.00345871
2015-02,ZC,-0.00174616
2015-03,ZC,0.00307407
2015-04,ZC,0.00056887
2015-05,ZC,-0.04267513
2015-06,ZC,0.00235427
2015-07,ZC,0.00253645
2015-08,ZC,-0.00677649
2015-09,ZC,-0.00457566
2015-10,ZC,0.00320315
2015-11,ZC,-0.00049837
2015-12,ZC,1.041e-05
2016-01,ZC,-0.00511987
2016-02,ZC,-0.00560309
2016-03,ZC,0.02783533
2016-04,ZC,0.00668874
2016-05,ZC,-0.03153513
2016-06,ZC,-0.0100033
2016-07,ZC,-0.01599659
2016-08,ZC,0.00682615
2016-09,ZC,0.01861292
2016-10,ZC,-0.02057854
2016-11,ZC,0.00957823
2016-12,ZC,-0.00083093
2017-01,ZC,0.00101845
2017-02,ZC,-0.00334575
2017-03,ZC,-0.00147887
2017-04,ZC,-0.00249547
2017-05,ZC,-0.00092012
2017-06,ZC,-0.00991902
2017-07,ZC,0.04345142
2017-08,ZC,-0.00252189
2017-09,ZC,0.02007388
2017-10,ZC,0.01468729
2017-11,ZC,-0.00135743
2017-12,ZC,-0.01164992
2018-01,ZC,-0.01498909
2018-02,ZC,0.01467294
2018-03,ZC,-0.00775375
2018-04,ZC,0.01167226
2018-05,ZC,0.0267714
2018-06,ZC,-0.00552374
2018-07,ZC,-0.00798558
2018-08,ZC,0.01993412
2018-09,ZC,0.02173366
2018-10,ZC,-0.00801282
2018-11,ZC,-0.00168406
2018-12,ZC,0.00684504
2019-01,ZC,0.00719694
2019-02,ZC,0.0071939
2019-03,ZC,-0.01382009
2019-04,ZC,-0.04853179
2019-05,ZC,0.00705345
2019-06,ZC,-0.00258525
2019-07,ZC,-0.01144596
2019-08,ZC,-0.00165825
2019-09,ZC,-0.00482626
2019-10,ZC,-0.00015851
2019-11,ZC,0.0030744
2019-12,ZC,-0.00321271
2020-01,ZC,0.00693029
2020-02,ZC,-0.00533141
2020-03,ZC,0.01155871
2020-04,ZC,-0.01504628
2020-05,ZC,-0.00329848
2020-06,ZC,-0.00842314
2020-07,ZC,0.00882005
2020-08,ZC,0.0141251
2020-09,ZC,0.01028423
2020-10,ZC,-0.02426211
2020-11,ZC,0.03476768
2020-12,ZC,0.02080069
2021-01,ZC,-0.00380254
2021-02,ZC,0.01791875
2021-03,ZC,0.03519029
2021-04,ZC,-0.02429344
2021-05,ZC,0.01181024
2021-06,ZC,-0.01416836
2021-07,ZC,-0.00712258
2021-08,ZC,-0.00143755
2021-09,ZC,-0.0127917
2021-10,ZC,-0.00845407
2021-11,ZC,-0.05436491
2021-12,ZC,-0.02424985
2022-01,ZC,0.02348186
2022-02,ZC,0.00731277
2022-03,ZC,-0.01481597
2022-04,ZC,0.01570924
2022-05,ZC,-0.0068694
2022-06,ZC,-0.00156596
2022-07,ZC,-0.00224085
2022-08,ZC,-0.00150932
2022-09,ZC,-0.02510316
2022-10,ZC,-0.02449516
2022-11,ZC,-0.00311498
2022-12,ZC,-0.00276609
2023-01,ZC,-0.00060803
2023-02,ZC,0.01059176
2023-03,ZC,0.01660554
2023-04,ZC,0.00343975
2023-05,ZC,-0.03377635
2023-06,ZC,0.0258571
2023-07,ZC,-0.03101602
2023-08,ZC,0.0189775
2023-09,ZC,-0.00329908
2023-10,ZC,-0.01723095
2023-11,ZC,-0.00772777
2023-12,ZC,0.00056135
2024-01,ZC,-0.01358273
2024-02,ZC,0.00859234
2024-03,ZC,-0.00775818
2024-04,ZC,0.0001133
2024-05,ZC,0.00835905
2024-06,ZC,0.00304615
2024-07,ZC,-0.01436503
2024-08,ZC,-0.0057498
2024-09,ZC,-0.00130577
2024-10,ZC,-0.00719138
2024-11,ZC,-0.00221005
2024-12,ZC,-0.00267883
2025-01,ZC,0.0173741
2025-02,ZC,-0.00834504
2025-03,ZC,-0.03732651
2025-04,ZC,0.00673292
2025-05,ZC,-0.00336199
2025-06,ZC,0.01759991
2025-07,ZC,-0.0164645
2025-08,ZC,-0.01194034
2025-09,ZC,0.00382097
2025-10,ZC,-0.0052839
2025-11,ZC,-0.00452786
2025-12,ZC,0.0507543
2026-01,ZC,0.01112302
2026-02,ZC,0.02726784
2026-03,ZC,-0.00272479
2026-04,ZC,0.02068488
2026-05,ZC,0.03837971
2026-06,ZC,-0.00682825
2011-05,ZL,-0.00848735
2011-06,ZL,-0.00489534
2011-07,ZL,0.02330523
2011-08,ZL,-0.01065871
2011-09,ZL,-0.00450949
2011-10,ZL,0.00209725
2011-11,ZL,0.01204999
2011-12,ZL,-0.00713688
2012-01,ZL,-0.00729974
2012-02,ZL,0.00080552
2012-03,ZL,0.00146398
2012-04,ZL,0.00410271
2012-05,ZL,0.0225875
2012-06,ZL,0.03124193
2012-07,ZL,-0.00330757
2012-08,ZL,0.0150461
2012-09,ZL,-0.00746144
2012-10,ZL,0.00291482
2012-11,ZL,3.77e-06
2012-12,ZL,-0.00284284
2013-01,ZL,0.01110767
2013-02,ZL,-0.00656078
2013-03,ZL,0.00120514
2013-04,ZL,-0.00807944
2013-05,ZL,-0.00648493
2013-06,ZL,0.03046514
2013-07,ZL,0.01459305
2013-08,ZL,0.01586389
2013-09,ZL,-0.00020755
2013-10,ZL,0.00275749
2013-11,ZL,0.01137777
2013-12,ZL,0.0096438
2014-01,ZL,-0.01520313
2014-02,ZL,0.00324393
2014-03,ZL,-0.0036219
2014-04,ZL,0.02641297
2014-05,ZL,0.01240487
2014-06,ZL,-0.00417624
2014-07,ZL,0.00477236
2014-08,ZL,-0.0035989
2014-09,ZL,-0.02099983
2014-10,ZL,-0.00805823
2014-11,ZL,-0.00089481
2014-12,ZL,0.0067535
2015-01,ZL,-0.01403545
2015-02,ZL,0.00463692
2015-03,ZL,-0.00663706
2015-04,ZL,-0.00796848
2015-05,ZL,-0.00795379
2015-06,ZL,-0.00127478
2015-07,ZL,0.01300511
2015-08,ZL,-0.01215327
2015-09,ZL,0.01123606
2015-10,ZL,-0.01918543
2015-11,ZL,-0.01336144
2015-12,ZL,-0.00601342
2016-01,ZL,-0.00185573
2016-02,ZL,0.00314706
2016-03,ZL,-0.0097317
2016-04,ZL,0.01173227
2016-05,ZL,0.00481692
2016-06,ZL,0.00174866
2016-07,ZL,0.01844984
2016-08,ZL,-0.00507255
2016-09,ZL,0.01228878
2016-10,ZL,-0.00077099
2016-11,ZL,-0.00768555
2016-12,ZL,-0.00375332
2017-01,ZL,-5.093e-05
2017-02,ZL,-0.00677878
2017-03,ZL,-0.00319253
2017-04,ZL,-0.00213802
2017-05,ZL,0.00905366
2017-06,ZL,0.00175907
2017-07,ZL,0.00660438
2017-08,ZL,0.02306744
2017-09,ZL,-0.00209252
2017-10,ZL,0.02411497
2017-11,ZL,0.01299286
2017-12,ZL,0.00896666
2018-01,ZL,0.01095898
2018-02,ZL,0.02850723
2018-03,ZL,0.00636709
2018-04,ZL,-0.00580389
2018-05,ZL,0.01436713
2018-06,ZL,0.01107132
2018-07,ZL,-0.012618
2018-08,ZL,0.01363343
2018-09,ZL,0.03911147
2018-10,ZL,-0.00421536
2018-11,ZL,-0.00394692
2018-12,ZL,-0.00565032
2019-01,ZL,-0.00320404
2019-02,ZL,0.00321752
2019-03,ZL,-0.01120702
2019-04,ZL,0.01515416
2019-05,ZL,0.00297136
2019-06,ZL,-0.00164948
2019-07,ZL,-0.02008243
2019-08,ZL,0.00823005
2019-09,ZL,-0.00802518
2019-10,ZL,0.00126168
2019-11,ZL,0.00304936
2019-12,ZL,0.00536613
2020-01,ZL,0.00776621
2020-02,ZL,-0.020375
2020-03,ZL,0.04329031
2020-04,ZL,-0.00663305
2020-05,ZL,0.00209161
2020-06,ZL,0.00038128
2020-07,ZL,-0.00392963
2020-08,ZL,-0.00378965
2020-09,ZL,0.00602512
2020-10,ZL,-0.02246328
2020-11,ZL,0.00063326
2020-12,ZL,0.00406886
2021-01,ZL,0.01109117
2021-02,ZL,0.01349252
2021-03,ZL,0.01328688
2021-04,ZL,-0.0142109
2021-05,ZL,-0.00658179
2021-06,ZL,-0.00507091
2021-07,ZL,-0.0074185
2021-08,ZL,-0.00370625
2021-09,ZL,0.00146746
2021-10,ZL,0.00374377
2021-11,ZL,-0.00061641
2021-12,ZL,-0.02760253
2022-01,ZL,0.00739336
2022-02,ZL,0.02235936
2022-03,ZL,-0.04617236
2022-04,ZL,0.00959814
2022-05,ZL,0.00184559
2022-06,ZL,0.00244733
2022-07,ZL,-0.00995158
2022-08,ZL,-0.01585738
2022-09,ZL,-0.00624705
2022-10,ZL,-0.01815062
2022-11,ZL,-0.01508332
2022-12,ZL,-0.00293503
2023-01,ZL,0.00141449
2023-02,ZL,-0.00368425
2023-03,ZL,0.02172114
2023-04,ZL,-0.01541721
2023-05,ZL,-0.05110362
2023-06,ZL,0.0251774
2023-07,ZL,-0.00615281
2023-08,ZL,-0.006218
2023-09,ZL,0.00779896
2023-10,ZL,0.0026318
2023-11,ZL,0.00020228
2023-12,ZL,8.05e-06
2024-01,ZL,-0.00371192
2024-02,ZL,0.00758028
2024-03,ZL,0.01143743
2024-04,ZL,-0.0034352
2024-05,ZL,-0.0055235
2024-06,ZL,-0.00308817
2024-07,ZL,-0.01847147
2024-08,ZL,0.00259464
2024-09,ZL,-0.01172017
2024-10,ZL,0.0134749
2024-11,ZL,0.02041508
2024-12,ZL,-0.03098521
2025-01,ZL,0.02115146
2025-02,ZL,-0.01382372
2025-03,ZL,-0.08295058
2025-04,ZL,0.00383339
2025-05,ZL,-0.02869009
2025-06,ZL,-0.00855716
2025-07,ZL,0.00634361
2025-08,ZL,-0.00374668
2025-09,ZL,0.02351668
2025-10,ZL,-0.01453198
2025-11,ZL,0.00797928
2025-12,ZL,0.0224428
2026-01,ZL,-0.01176422
2026-02,ZL,-0.02022006
2026-03,ZL,-0.00931938
2026-04,ZL,-0.00528858
2026-05,ZL,0.01339462
2026-06,ZL,0.00471516
2011-05,ZM,-0.01429107
2011-06,ZM,-0.00141529
2011-07,ZM,-0.01625232
2011-08,ZM,0.04006703
2011-09,ZM,-0.00018656
2011-10,ZM,0.00060856
2011-11,ZM,0.00195841
2011-12,ZM,-0.00324073
2012-01,ZM,0.00122538
2012-02,ZM,0.00750793
2012-03,ZM,0.00213268
2012-04,ZM,0.00298177
2012-05,ZM,0.00952281
2012-06,ZM,0.05521912
2012-07,ZM,-0.00656424
2012-08,ZM,-0.04563715
2012-09,ZM,0.00695698
2012-10,ZM,-0.00873984
2012-11,ZM,-0.00616016
2012-12,ZM,0.0034663
2013-01,ZM,-0.00193074
2013-02,ZM,-0.00726287
2013-03,ZM,0.00808207
2013-04,ZM,0.0264793
2013-05,ZM,0.012567
2013-06,ZM,-0.02438861
2013-07,ZM,0.00942645
2013-08,ZM,0.01286364
2013-09,ZM,-0.00604649
2013-10,ZM,0.02862406
2013-11,ZM,0.01045263
2013-12,ZM,0.00026842
2014-01,ZM,-0.01556357
2014-02,ZM,-0.00089948
2014-03,ZM,0.01139975
2014-04,ZM,0.02692411
2014-05,ZM,-0.03541069
2014-06,ZM,-0.0320728
2014-07,ZM,0.11140118
2014-08,ZM,-0.0080395
2014-09,ZM,0.03546728
2014-10,ZM,-0.00536211
2014-11,ZM,0.00196383
2014-12,ZM,0.01003617
2015-01,ZM,-0.01051444
2015-02,ZM,-0.00668448
2015-03,ZM,0.00379637
2015-04,ZM,0.00493483
2015-05,ZM,0.03260352
2015-06,ZM,0.02177395
2015-07,ZM,-0.01664226
2015-08,ZM,0.00602475
2015-09,ZM,-0.00425551
2015-10,ZM,0.00066555
2015-11,ZM,-0.00403333
2015-12,ZM,-0.00741043
2016-01,ZM,-0.00856509
2016-02,ZM,0.01400512
2016-03,ZM,0.06358148
2016-04,ZM,0.0507984
2016-05,ZM,-0.0036265
2016-06,ZM,0.0100575
2016-07,ZM,0.00953032
2016-08,ZM,0.00191151
2016-09,ZM,0.01371424
2016-10,ZM,-0.01088224
2016-11,ZM,0.00341996
2016-12,ZM,-0.00289059
2017-01,ZM,-0.00210499
2017-02,ZM,-0.01196393
2017-03,ZM,0.00391079
2017-04,ZM,-0.01091147
2017-05,ZM,-0.00070798
2017-06,ZM,-0.00068138
2017-07,ZM,0.02971156
2017-08,ZM,-0.02452126
2017-09,ZM,0.01440197
2017-10,ZM,0.00255023
2017-11,ZM,0.001228
2017-12,ZM,-0.0040909
2018-01,ZM,-0.0288219
2018-02,ZM,0.01220383
2018-03,ZM,-0.00133683
2018-04,ZM,0.00750743
2018-05,ZM,0.00346169
2018-06,ZM,0.01148017
2018-07,ZM,0.00163064
2018-08,ZM,0.01127149
2018-09,ZM,0.0329251
2018-10,ZM,-0.00668882
2018-11,ZM,-0.00078181
2018-12,ZM,0.00026262
2019-01,ZM,-0.00060022
2019-02,ZM,-0.00121286
2019-03,ZM,-0.00067767
2019-04,ZM,-0.0132718
2019-05,ZM,0.01536395
2019-06,ZM,0.00944887
2019-07,ZM,-0.00977635
2019-08,ZM,-0.00243051
2019-09,ZM,-0.00849633
2019-10,ZM,0.00175222
2019-11,ZM,0.00240435
2019-12,ZM,0.0041213
2020-01,ZM,-0.00417068
2020-02,ZM,-0.04153056
2020-03,ZM,0.05424124
2020-04,ZM,0.00791116
2020-05,ZM,0.00606983
2020-06,ZM,0.01386449
2020-07,ZM,-0.00719282
2020-08,ZM,-0.02304822
2020-09,ZM,-0.01066807
2020-10,ZM,-0.00286595
2020-11,ZM,0.01005275
2020-12,ZM,0.00848503
2021-01,ZM,0.00667315
2021-02,ZM,0.0056886
2021-03,ZM,0.0323156
2021-04,ZM,0.02934811
2021-05,ZM,0.03635392
2021-06,ZM,0.01423682
2021-07,ZM,-0.00821203
2021-08,ZM,0.01947102
2021-09,ZM,0.00275203
2021-10,ZM,-0.01834278
2021-11,ZM,0.0572389
2021-12,ZM,-0.00899947
2022-01,ZM,0.00896845
2022-02,ZM,0.01657535
2022-03,ZM,0.00893811
2022-04,ZM,-0.00877037
2022-05,ZM,0.02310029
2022-06,ZM,0.04475963
2022-07,ZM,-0.00607387
2022-08,ZM,-0.00514887
2022-09,ZM,-0.01633224
2022-10,ZM,-0.01801072
2022-11,ZM,-0.00108964
2022-12,ZM,0.00764352
2023-01,ZM,0.00194656
2023-02,ZM,-0.0091526
2023-03,ZM,0.00657688
2023-04,ZM,-0.01823831
2023-05,ZM,0.0070813
2023-06,ZM,0.01820441
2023-07,ZM,-0.00824109
2023-08,ZM,0.00660844
2023-09,ZM,0.00984625
2023-10,ZM,0.00027626
2023-11,ZM,-0.00934271
2023-12,ZM,-7.942e-05
2024-01,ZM,0.00441058
2024-02,ZM,0.01439416
2024-03,ZM,0.00181535
2024-04,ZM,-0.003664
2024-05,ZM,-0.00681927
2024-06,ZM,-0.00804731
2024-07,ZM,-0.02871321
2024-08,ZM,-0.00923664
2024-09,ZM,-0.02395475
2024-10,ZM,-0.00106661
2024-11,ZM,-0.00018055
2024-12,ZM,-0.00268635
2025-01,ZM,0.0173741
2025-02,ZM,-0.00834504
2025-03,ZM,-0.03810569
2025-04,ZM,-0.00289116
2025-05,ZM,-0.07986908
2025-06,ZM,0.01166184
2025-07,ZM,-0.05321527
2025-08,ZM,0.0033336
2025-09,ZM,-0.02413552
2025-10,ZM,0.00174402
2025-11,ZM,0.00532459
2025-12,ZM,0.02606402
2026-01,ZM,0.00700499
2026-02,ZM,0.00233459
2026-03,ZM,0.00281922
2026-04,ZM,-0.00590117
2026-05,ZM,0.00350467
2026-06,ZM,-0.00197748
2011-05,ZS,-0.01178318
2011-06,ZS,-0.00165571
2011-07,ZS,-0.01335692
2011-08,ZS,-0.01751417
2011-09,ZS,-0.00317091
2011-10,ZS,-0.0024818
2011-11,ZS,0.01045729
2011-12,ZS,-0.00673268
2012-01,ZS,0.00104504
2012-02,ZS,0.00069128
2012-03,ZS,0.00034404
2012-04,ZS,0.00944363
2012-05,ZS,0.02084604
2012-06,ZS,0.03222902
2012-07,ZS,-0.00049909
2012-08,ZS,-0.02089942
2012-09,ZS,0.00371647
2012-10,ZS,0.00019265
2012-11,ZS,-0.00150312
2012-12,ZS,0.01162732
2013-01,ZS,-0.00315477
2013-02,ZS,0.00236064
2013-03,ZS,0.04085159
2013-04,ZS,0.03101846
2013-05,ZS,-0.00318542
2013-06,ZS,-0.0419232
2013-07,ZS,0.01401627
2013-08,ZS,-0.00088198
2013-09,ZS,-0.01542897
2013-10,ZS,0.01082841
2013-11,ZS,-0.00489697
2013-12,ZS,-0.00278443
2014-01,ZS,-0.0092372
2014-02,ZS,0.0069264
2014-03,ZS,0.0036848
2014-04,ZS,0.0008459
2014-05,ZS,0.00386119
2014-06,ZS,-0.00966878
2014-07,ZS,0.00110404
2014-08,ZS,-0.00115921
2014-09,ZS,0.05395137
2014-10,ZS,-0.00524406
2014-11,ZS,-0.00313216
2014-12,ZS,0.01143933
2015-01,ZS,-0.00454947
2015-02,ZS,-0.0056705
2015-03,ZS,0.00525314
2015-04,ZS,-0.00152561
2015-05,ZS,-0.00415565
2015-06,ZS,-0.00618564
2015-07,ZS,0.00331266
2015-08,ZS,-0.00615875
2015-09,ZS,-0.00501976
2015-10,ZS,0.00647864
2015-11,ZS,0.00324909
2015-12,ZS,0.00403508
2016-01,ZS,-0.0157056
2016-02,ZS,0.04554996
2016-03,ZS,0.05164123
2016-04,ZS,0.01125037
2016-05,ZS,0.02587042
2016-06,ZS,-0.01248587
2016-07,ZS,-0.01131756
2016-08,ZS,0.00138328
2016-09,ZS,0.0186686
2016-10,ZS,-0.0078852
2016-11,ZS,-0.00247647
2016-12,ZS,-4.454e-05
2017-01,ZS,-0.0019025
2017-02,ZS,-0.02907139
2017-03,ZS,-0.00113111
2017-04,ZS,-0.00625536
2017-05,ZS,0.00779297
2017-06,ZS,0.01389186
2017-07,ZS,0.01413289
2017-08,ZS,-0.003228
2017-09,ZS,0.01109973
2017-10,ZS,0.00949893
2017-11,ZS,0.02003102
2017-12,ZS,-0.0063171
2018-01,ZS,-0.02711353
2018-02,ZS,0.0282441
2018-03,ZS,0.00342595
2018-04,ZS,0.01625133
2018-05,ZS,0.02301471
2018-06,ZS,-0.01031182
2018-07,ZS,-0.00563976
2018-08,ZS,0.01691598
2018-09,ZS,0.03042376
2018-10,ZS,-0.00451953
2018-11,ZS,-0.00240946
2018-12,ZS,-0.0021844
2019-01,ZS,-0.00988885
2019-02,ZS,-0.00110715
2019-03,ZS,-0.0025141
2019-04,ZS,0.00377612
2019-05,ZS,0.00236047
2019-06,ZS,-0.00403568
2019-07,ZS,-0.01594371
2019-08,ZS,-0.00389177
2019-09,ZS,-0.00801503
2019-10,ZS,0.00550825
2019-11,ZS,-0.02048291
2019-12,ZS,0.00263945
2020-01,ZS,0.001438
2020-02,ZS,-0.02149561
2020-03,ZS,0.04768462
2020-04,ZS,-0.00044968
2020-05,ZS,-0.00245521
2020-06,ZS,0.01014895
2020-07,ZS,-0.01111904
2020-08,ZS,-0.03402364
2020-09,ZS,0.00462093
2020-10,ZS,0.00189141
2020-11,ZS,0.006329
2020-12,ZS,0.00114033
2021-01,ZS,0.00099318
2021-02,ZS,0.01036873
2021-03,ZS,0.007799
2021-04,ZS,-0.00634073
2021-05,ZS,-0.00431263
2021-06,ZS,0.00187737
2021-07,ZS,-0.00512684
2021-08,ZS,0.00326653
2021-09,ZS,0.02047295
2021-10,ZS,0.00838802
2021-11,ZS,-0.04669462
2021-12,ZS,-0.06145924
2022-01,ZS,0.01293083
2022-02,ZS,0.00521116
2022-03,ZS,-0.01029453
2022-04,ZS,-0.00220508
2022-05,ZS,0.00395785
2022-06,ZS,0.02014894
2022-07,ZS,7.531e-05
2022-08,ZS,-0.0199464
2022-09,ZS,-0.01787969
2022-10,ZS,-0.01157543
2022-11,ZS,0.00146394
2022-12,ZS,-0.00080727
2023-01,ZS,0.00532466
2023-02,ZS,0.00583674
2023-03,ZS,0.01767548
2023-04,ZS,-0.0285202
2023-05,ZS,0.05792579
2023-06,ZS,-0.00490953
2023-07,ZS,-0.00613042
2023-08,ZS,-0.00272557
2023-09,ZS,-0.00727398
2023-10,ZS,-0.00351206
2023-11,ZS,-0.0008686
2023-12,ZS,0.00327187
2024-01,ZS,0.02842473
2024-02,ZS,-0.00625609
2024-03,ZS,0.01820555
2024-04,ZS,-0.00572307
2024-05,ZS,-0.00487438
2024-06,ZS,0.01167191
2024-07,ZS,-0.01224366
2024-08,ZS,-0.00064951
2024-09,ZS,0.00851757
2024-10,ZS,-0.00094672
2024-11,ZS,-0.00220317
2024-12,ZS,-0.00490011
2025-01,ZS,0.0149913
2025-02,ZS,-0.00883175
2025-03,ZS,-0.03622451
2025-04,ZS,0.00062789
2025-05,ZS,-0.00417845
2025-06,ZS,0.03274138
2025-07,ZS,-0.01551807
2025-08,ZS,0.00313818
2025-09,ZS,-0.01142248
2025-10,ZS,-0.00458219
2025-11,ZS,0.02107896
2025-12,ZS,0.03355633
2026-01,ZS,0.00917415
2026-02,ZS,0.05122692
2026-03,ZS,0.0060778
2026-04,ZS,-0.01130414
2026-05,ZS,0.00673198
2026-06,ZS,-0.00796868
2011-05,ZW,-0.00459216
2011-06,ZW,0.00972162
2011-07,ZW,0.02706033
2011-08,ZW,0.01621419
2011-09,ZW,-0.00532106
2011-10,ZW,0.00603746
2011-11,ZW,0.00602647
2011-12,ZW,-0.0044687
2012-01,ZW,-0.01641747
2012-02,ZW,0.00226401
2012-03,ZW,-0.00793145
2012-04,ZW,0.01130107
2012-05,ZW,0.02668435
2012-06,ZW,0.0387005
2012-07,ZW,-0.01558797
2012-08,ZW,-0.03797097
2012-09,ZW,-0.00881149
2012-10,ZW,-0.00215558
2012-11,ZW,-0.01137547
2012-12,ZW,0.00083976
2013-01,ZW,-0.0117289
2013-02,ZW,-0.00498966
2013-03,ZW,-0.02094257
2013-04,ZW,-0.01067788
2013-05,ZW,0.00622279
2013-06,ZW,-0.00742852
2013-07,ZW,0.04262919
2013-08,ZW,-0.02536378
2013-09,ZW,0.00338177
2013-10,ZW,-0.00031766
2013-11,ZW,0.02182498
2013-12,ZW,0.02128355
2014-01,ZW,0.00124887
2014-02,ZW,-0.03622602
2014-03,ZW,0.0013104
2014-04,ZW,0.00100369
2014-05,ZW,0.01713431
2014-06,ZW,-0.01903637
2014-07,ZW,0.00781806
2014-08,ZW,-0.00756765
2014-09,ZW,0.00791007
2014-10,ZW,0.00865352
2014-11,ZW,-0.00017704
2014-12,ZW,-0.00119374
2015-01,ZW,-0.00892423
2015-02,ZW,0.00205715
2015-03,ZW,-0.00043466
2015-04,ZW,0.0025028
2015-05,ZW,-0.00263024
2015-06,ZW,-0.01135321
2015-07,ZW,0.00313366
2015-08,ZW,-0.0054702
2015-09,ZW,-0.0031303
2015-10,ZW,0.00283537
2015-11,ZW,0.00060482
2015-12,ZW,-0.00196392
2016-01,ZW,-0.00288966
2016-02,ZW,-0.00110715
2016-03,ZW,-0.01344842
2016-04,ZW,0.00364215
2016-05,ZW,-0.02063374
2016-06,ZW,0.0078175
2016-07,ZW,0.01625019
2016-08,ZW,-0.00849932
2016-09,ZW,-0.01041399
2016-10,ZW,0.04551349
2016-11,ZW,-0.00536261
2016-12,ZW,-0.00055715
2017-01,ZW,0.0044532
2017-02,ZW,0.00297744
2017-03,ZW,0.00703674
2017-04,ZW,-0.01434343
2017-05,ZW,-0.06111017
2017-06,ZW,0.0682732
2017-07,ZW,0.02236471
2017-08,ZW,-0.0034817
2017-09,ZW,-0.00066041
2017-10,ZW,0.00723591
2017-11,ZW,-0.00222624
2017-12,ZW,0.00126966
2018-01,ZW,-0.01252184
2018-02,ZW,0.01225811
2018-03,ZW,0.02019778
2018-04,ZW,0.00811737
2018-05,ZW,0.00876205
2018-06,ZW,0.03005347
2018-07,ZW,0.01246683
2018-08,ZW,-0.01544194
2018-09,ZW,0.02927292
2018-10,ZW,0.03535502
2018-11,ZW,-0.01557899
2018-12,ZW,-0.01086168
2019-01,ZW,-0.03822266
2019-02,ZW,-0.00218479
2019-03,ZW,-0.01585232
2019-04,ZW,0.00069002
2019-05,ZW,-0.00136978
2019-06,ZW,-0.0025287
2019-07,ZW,-0.02541058
2019-08,ZW,0.01787669
2019-09,ZW,-0.01875718
2019-10,ZW,0.01610745
2019-11,ZW,-0.01422157
2019-12,ZW,0.02743567
2020-01,ZW,-0.00633626
2020-02,ZW,0.02875789
2020-03,ZW,0.02695393
2020-04,ZW,-0.04049325
2020-05,ZW,-0.01560614
2020-06,ZW,0.00039035
2020-07,ZW,-0.00583985
2020-08,ZW,0.01124081
2020-09,ZW,0.00880914
2020-10,ZW,-0.04134898
2020-11,ZW,0.00621092
2020-12,ZW,0.00130433
2021-01,ZW,0.00094592
2021-02,ZW,0.00993778
2021-03,ZW,-0.02451726
2021-04,ZW,0.01135616
2021-05,ZW,0.00587983
2021-06,ZW,-0.00037866
2021-07,ZW,-0.00578819
2021-08,ZW,-0.00244177
2021-09,ZW,-0.00211587
2021-10,ZW,-0.00323348
2021-11,ZW,0.00392189
2021-12,ZW,0.00942872
2022-01,ZW,-0.03254254
2022-02,ZW,-0.00132695
2022-03,ZW,-0.00026237
2022-04,ZW,-0.00778236
2022-05,ZW,0.03424544
2022-06,ZW,-0.00048897
2022-07,ZW,-0.00834489
2022-08,ZW,-0.01372109
2022-09,ZW,0.00978631
2022-10,ZW,0.03616745
2022-11,ZW,0.00888419
2022-12,ZW,0.0082803
2023-01,ZW,-0.0415896
2023-02,ZW,0.00620456
2023-03,ZW,0.04767119
2023-04,ZW,-0.01653045
2023-05,ZW,0.0134227
2023-06,ZW,0.03515811
2023-07,ZW,0.02160454
2023-08,ZW,0.01258221
2023-09,ZW,-0.01105444
2023-10,ZW,-0.00373248
2023-11,ZW,-0.01061285
2023-12,ZW,0.00109898
2024-01,ZW,-0.00160645
2024-02,ZW,0.01321757
2024-03,ZW,-0.00488259
2024-04,ZW,-0.03513171
2024-05,ZW,0.0377307
2024-06,ZW,-0.00135738
2024-07,ZW,-0.01663331
2024-08,ZW,0.00904714
2024-09,ZW,0.00219413
2024-10,ZW,-0.00093095
2024-11,ZW,0.00013707
2024-12,ZW,-0.00156414
2025-01,ZW,0.01909402
2025-02,ZW,-0.00244894
2025-03,ZW,-0.02871626
2025-04,ZW,0.00055061
2025-05,ZW,-0.00158758
2025-06,ZW,0.01395356
2025-07,ZW,-0.00824295
2025-08,ZW,0.00693928
2025-09,ZW,-0.0149025
2025-10,ZW,0.0003028
2025-11,ZW,0.00233657
2025-12,ZW,0.0022433
2026-01,ZW,0.00555774
2026-02,ZW,0.01988801
2026-03,ZW,0.00044083
2026-04,ZW,-0.00796845
2026-05,ZW,0.01276574
2026-06,ZW,0.0009095
